file,line,type,commit,author,date,time,timezone,datetime,depth,length
style.css,1,css,55350355,charleszzhyy,2025-10-17,18:57:57,-07:00,2025-10-17T18:57:57-07:00,0,4
style.css,2,css,55350355,charleszzhyy,2025-10-17,18:57:57,-07:00,2025-10-17T18:57:57-07:00,1,23
style.css,3,css,55350355,charleszzhyy,2025-10-17,18:57:57,-07:00,2025-10-17T18:57:57-07:00,0,0
style.css,4,css,55350355,charleszzhyy,2025-10-17,18:57:57,-07:00,2025-10-17T18:57:57-07:00,0,0
style.css,5,css,55350355,charleszzhyy,2025-10-17,18:57:57,-07:00,2025-10-17T18:57:57-07:00,0,0
style.css,6,css,55350355,charleszzhyy,2025-10-17,18:57:57,-07:00,2025-10-17T18:57:57-07:00,0,3
style.css,7,css,55350355,charleszzhyy,2025-10-17,18:57:57,-07:00,2025-10-17T18:57:57-07:00,1,39
style.css,8,css,55350355,charleszzhyy,2025-10-17,18:57:57,-07:00,2025-10-17T18:57:57-07:00,1,39
style.css,9,css,55350355,charleszzhyy,2025-10-17,18:57:57,-07:00,2025-10-17T18:57:57-07:00,0,0
style.css,10,css,55350355,charleszzhyy,2025-10-17,18:57:57,-07:00,2025-10-17T18:57:57-07:00,0,0
style.css,11,css,55350355,charleszzhyy,2025-10-17,18:57:57,-07:00,2025-10-17T18:57:57-07:00,0,0
style.css,12,css,55350355,charleszzhyy,2025-10-17,18:57:57,-07:00,2025-10-17T18:57:57-07:00,0,11
style.css,13,css,55350355,charleszzhyy,2025-10-17,18:57:57,-07:00,2025-10-17T18:57:57-07:00,1,89
style.css,14,css,55350355,charleszzhyy,2025-10-17,18:57:57,-07:00,2025-10-17T18:57:57-07:00,0,0
style.css,15,css,55350355,charleszzhyy,2025-10-17,18:57:57,-07:00,2025-10-17T18:57:57-07:00,0,0
style.css,16,css,55350355,charleszzhyy,2025-10-17,18:57:57,-07:00,2025-10-17T18:57:57-07:00,0,0
style.css,17,css,55350355,charleszzhyy,2025-10-17,18:57:57,-07:00,2025-10-17T18:57:57-07:00,0,18
style.css,18,css,55350355,charleszzhyy,2025-10-17,18:57:57,-07:00,2025-10-17T18:57:57-07:00,1,17
style.css,19,css,55350355,charleszzhyy,2025-10-17,18:57:57,-07:00,2025-10-17T18:57:57-07:00,1,8
style.css,20,css,55350355,charleszzhyy,2025-10-17,18:57:57,-07:00,2025-10-17T18:57:57-07:00,1,10
style.css,21,css,55350355,charleszzhyy,2025-10-17,18:57:57,-07:00,2025-10-17T18:57:57-07:00,1,16
style.css,22,css,55350355,charleszzhyy,2025-10-17,18:57:57,-07:00,2025-10-17T18:57:57-07:00,1,19
style.css,23,css,55350355,charleszzhyy,2025-10-17,18:57:57,-07:00,2025-10-17T18:57:57-07:00,1,12
style.css,24,css,55350355,charleszzhyy,2025-10-17,18:57:57,-07:00,2025-10-17T18:57:57-07:00,1,18
style.css,25,css,55350355,charleszzhyy,2025-10-17,18:57:57,-07:00,2025-10-17T18:57:57-07:00,1,11
style.css,26,css,55350355,charleszzhyy,2025-10-17,18:57:57,-07:00,2025-10-17T18:57:57-07:00,0,0
style.css,27,css,55350355,charleszzhyy,2025-10-17,18:57:57,-07:00,2025-10-17T18:57:57-07:00,0,25
style.css,28,css,55350355,charleszzhyy,2025-10-17,18:57:57,-07:00,2025-10-17T18:57:57-07:00,1,12
style.css,29,css,55350355,charleszzhyy,2025-10-17,18:57:57,-07:00,2025-10-17T18:57:57-07:00,1,20
style.css,30,css,55350355,charleszzhyy,2025-10-17,18:57:57,-07:00,2025-10-17T18:57:57-07:00,0,0
style.css,31,css,55350355,charleszzhyy,2025-10-17,18:57:57,-07:00,2025-10-17T18:57:57-07:00,0,0
style.css,32,css,55350355,charleszzhyy,2025-10-17,18:57:57,-07:00,2025-10-17T18:57:57-07:00,0,0
style.css,33,css,55350355,charleszzhyy,2025-10-17,18:57:57,-07:00,2025-10-17T18:57:57-07:00,0,0
style.css,34,css,55350355,charleszzhyy,2025-10-17,18:57:57,-07:00,2025-10-17T18:57:57-07:00,0,0
style.css,35,css,c308f31b,charleszzhyy,2025-10-03,22:00:09,-07:00,2025-10-03T22:00:09-07:00,0,4
style.css,36,css,55350355,charleszzhyy,2025-10-17,18:57:57,-07:00,2025-10-17T18:57:57-07:00,0,0
style.css,37,css,c308f31b,charleszzhyy,2025-10-03,22:00:09,-07:00,2025-10-03T22:00:09-07:00,1,23
style.css,38,css,b4882691,charleszzhyy,2025-10-11,18:59:26,-07:00,2025-10-11T18:59:26-07:00,1,15
style.css,39,css,b4882691,charleszzhyy,2025-10-11,18:59:26,-07:00,2025-10-11T18:59:26-07:00,1,13
style.css,40,css,b4882691,charleszzhyy,2025-10-11,18:59:26,-07:00,2025-10-11T18:59:26-07:00,1,11
style.css,41,css,b4882691,charleszzhyy,2025-10-11,18:59:26,-07:00,2025-10-11T18:59:26-07:00,0,0
style.css,42,css,b4882691,charleszzhyy,2025-10-11,18:59:26,-07:00,2025-10-11T18:59:26-07:00,0,0
style.css,43,css,b4882691,charleszzhyy,2025-10-11,18:59:26,-07:00,2025-10-11T18:59:26-07:00,0,5
style.css,44,css,b4882691,charleszzhyy,2025-10-11,18:59:26,-07:00,2025-10-11T18:59:26-07:00,1,31
style.css,45,css,b4882691,charleszzhyy,2025-10-11,18:59:26,-07:00,2025-10-11T18:59:26-07:00,1,32
style.css,46,css,b4882691,charleszzhyy,2025-10-11,18:59:26,-07:00,2025-10-11T18:59:26-07:00,0,0
style.css,47,css,b4882691,charleszzhyy,2025-10-11,18:59:26,-07:00,2025-10-11T18:59:26-07:00,0,0
style.css,48,css,b4882691,charleszzhyy,2025-10-11,18:59:26,-07:00,2025-10-11T18:59:26-07:00,0,0
style.css,49,css,b4882691,charleszzhyy,2025-10-11,18:59:26,-07:00,2025-10-11T18:59:26-07:00,0,3
style.css,50,css,b4882691,charleszzhyy,2025-10-11,18:59:26,-07:00,2025-10-11T18:59:26-07:00,1,12
style.css,51,css,b4882691,charleszzhyy,2025-10-11,18:59:26,-07:00,2025-10-11T18:59:26-07:00,1,28
style.css,52,css,b4882691,charleszzhyy,2025-10-11,18:59:26,-07:00,2025-10-11T18:59:26-07:00,1,18
style.css,53,css,b4882691,charleszzhyy,2025-10-11,18:59:26,-07:00,2025-10-11T18:59:26-07:00,1,21
style.css,54,css,b4882691,charleszzhyy,2025-10-11,18:59:26,-07:00,2025-10-11T18:59:26-07:00,1,43
style.css,55,css,b4882691,charleszzhyy,2025-10-11,18:59:26,-07:00,2025-10-11T18:59:26-07:00,1,0
style.css,56,css,b4882691,charleszzhyy,2025-10-11,18:59:26,-07:00,2025-10-11T18:59:26-07:00,0,0
style.css,57,css,b4882691,charleszzhyy,2025-10-11,18:59:26,-07:00,2025-10-11T18:59:26-07:00,0,0
style.css,58,css,b4882691,charleszzhyy,2025-10-11,18:59:26,-07:00,2025-10-11T18:59:26-07:00,0,0
style.css,59,css,b4882691,charleszzhyy,2025-10-11,18:59:26,-07:00,2025-10-11T18:59:26-07:00,0,5
style.css,60,css,b4882691,charleszzhyy,2025-10-11,18:59:26,-07:00,2025-10-11T18:59:26-07:00,1,6
style.css,61,css,b4882691,charleszzhyy,2025-10-11,18:59:26,-07:00,2025-10-11T18:59:26-07:00,1,17
style.css,62,css,b4882691,charleszzhyy,2025-10-11,18:59:26,-07:00,2025-10-11T18:59:26-07:00,1,20
style.css,63,css,b4882691,charleszzhyy,2025-10-11,18:59:26,-07:00,2025-10-11T18:59:26-07:00,1,13
style.css,64,css,b4882691,charleszzhyy,2025-10-11,18:59:26,-07:00,2025-10-11T18:59:26-07:00,1,13
style.css,65,css,b4882691,charleszzhyy,2025-10-11,18:59:26,-07:00,2025-10-11T18:59:26-07:00,1,20
style.css,66,css,b4882691,charleszzhyy,2025-10-11,18:59:26,-07:00,2025-10-11T18:59:26-07:00,0,0
style.css,67,css,b4882691,charleszzhyy,2025-10-11,18:59:26,-07:00,2025-10-11T18:59:26-07:00,0,0
style.css,68,css,b4882691,charleszzhyy,2025-10-11,18:59:26,-07:00,2025-10-11T18:59:26-07:00,0,0
style.css,69,css,b4882691,charleszzhyy,2025-10-11,18:59:26,-07:00,2025-10-11T18:59:26-07:00,0,13
style.css,70,css,b4882691,charleszzhyy,2025-10-11,18:59:26,-07:00,2025-10-11T18:59:26-07:00,1,45
style.css,71,css,b4882691,charleszzhyy,2025-10-11,18:59:26,-07:00,2025-10-11T18:59:26-07:00,1,20
style.css,72,css,b4882691,charleszzhyy,2025-10-11,18:59:26,-07:00,2025-10-11T18:59:26-07:00,0,0
style.css,73,css,b4882691,charleszzhyy,2025-10-11,18:59:26,-07:00,2025-10-11T18:59:26-07:00,0,0
style.css,74,css,b4882691,charleszzhyy,2025-10-11,18:59:26,-07:00,2025-10-11T18:59:26-07:00,0,0
style.css,75,css,b4882691,charleszzhyy,2025-10-11,18:59:26,-07:00,2025-10-11T18:59:26-07:00,0,11
style.css,76,css,b4882691,charleszzhyy,2025-10-11,18:59:26,-07:00,2025-10-11T18:59:26-07:00,1,45
style.css,77,css,b4882691,charleszzhyy,2025-10-11,18:59:26,-07:00,2025-10-11T18:59:26-07:00,1,25
style.css,78,css,b4882691,charleszzhyy,2025-10-11,18:59:26,-07:00,2025-10-11T18:59:26-07:00,0,0
style.css,79,css,b4882691,charleszzhyy,2025-10-11,18:59:26,-07:00,2025-10-11T18:59:26-07:00,0,0
style.css,80,css,b4882691,charleszzhyy,2025-10-11,18:59:26,-07:00,2025-10-11T18:59:26-07:00,0,23
style.css,81,css,b4882691,charleszzhyy,2025-10-11,18:59:26,-07:00,2025-10-11T18:59:26-07:00,1,12
style.css,82,css,b4882691,charleszzhyy,2025-10-11,18:59:26,-07:00,2025-10-11T18:59:26-07:00,0,0
style.css,83,css,b4882691,charleszzhyy,2025-10-11,18:59:26,-07:00,2025-10-11T18:59:26-07:00,0,0
style.css,84,css,b4882691,charleszzhyy,2025-10-11,18:59:26,-07:00,2025-10-11T18:59:26-07:00,0,0
style.css,85,css,b4882691,charleszzhyy,2025-10-11,18:59:26,-07:00,2025-10-11T18:59:26-07:00,0,12
style.css,86,css,b4882691,charleszzhyy,2025-10-11,18:59:26,-07:00,2025-10-11T18:59:26-07:00,1,12
style.css,87,css,b4882691,charleszzhyy,2025-10-11,18:59:26,-07:00,2025-10-11T18:59:26-07:00,1,30
style.css,88,css,b4882691,charleszzhyy,2025-10-11,18:59:26,-07:00,2025-10-11T18:59:26-07:00,1,7
style.css,89,css,b4882691,charleszzhyy,2025-10-11,18:59:26,-07:00,2025-10-11T18:59:26-07:00,1,17
style.css,90,css,b4882691,charleszzhyy,2025-10-11,18:59:26,-07:00,2025-10-11T18:59:26-07:00,0,0
style.css,91,css,b4882691,charleszzhyy,2025-10-11,18:59:26,-07:00,2025-10-11T18:59:26-07:00,0,0
style.css,92,css,b4882691,charleszzhyy,2025-10-11,18:59:26,-07:00,2025-10-11T18:59:26-07:00,0,0
style.css,93,css,b4882691,charleszzhyy,2025-10-11,18:59:26,-07:00,2025-10-11T18:59:26-07:00,0,15
style.css,94,css,b4882691,charleszzhyy,2025-10-11,18:59:26,-07:00,2025-10-11T18:59:26-07:00,1,10
style.css,95,css,b4882691,charleszzhyy,2025-10-11,18:59:26,-07:00,2025-10-11T18:59:26-07:00,1,21
style.css,96,css,b4882691,charleszzhyy,2025-10-11,18:59:26,-07:00,2025-10-11T18:59:26-07:00,0,0
style.css,97,css,b4882691,charleszzhyy,2025-10-11,18:59:26,-07:00,2025-10-11T18:59:26-07:00,0,0
style.css,98,css,b4882691,charleszzhyy,2025-10-11,18:59:26,-07:00,2025-10-11T18:59:26-07:00,0,0
style.css,99,css,b4882691,charleszzhyy,2025-10-11,18:59:26,-07:00,2025-10-11T18:59:26-07:00,0,18
style.css,100,css,b4882691,charleszzhyy,2025-10-11,18:59:26,-07:00,2025-10-11T18:59:26-07:00,1,0
style.css,101,css,b4882691,charleszzhyy,2025-10-11,18:59:26,-07:00,2025-10-11T18:59:26-07:00,1,16
style.css,102,css,b4882691,charleszzhyy,2025-10-11,18:59:26,-07:00,2025-10-11T18:59:26-07:00,1,19
style.css,103,css,b4882691,charleszzhyy,2025-10-11,18:59:26,-07:00,2025-10-11T18:59:26-07:00,0,0
style.css,104,css,b4882691,charleszzhyy,2025-10-11,18:59:26,-07:00,2025-10-11T18:59:26-07:00,0,0
style.css,105,css,b4882691,charleszzhyy,2025-10-11,18:59:26,-07:00,2025-10-11T18:59:26-07:00,0,0
style.css,106,css,b4882691,charleszzhyy,2025-10-11,18:59:26,-07:00,2025-10-11T18:59:26-07:00,0,42
style.css,107,css,b4882691,charleszzhyy,2025-10-11,18:59:26,-07:00,2025-10-11T18:59:26-07:00,1,18
style.css,108,css,b4882691,charleszzhyy,2025-10-11,18:59:26,-07:00,2025-10-11T18:59:26-07:00,2,12
style.css,109,css,b4882691,charleszzhyy,2025-10-11,18:59:26,-07:00,2025-10-11T18:59:26-07:00,2,29
style.css,110,css,b4882691,charleszzhyy,2025-10-11,18:59:26,-07:00,2025-10-11T18:59:26-07:00,2,18
style.css,111,css,b4882691,charleszzhyy,2025-10-11,18:59:26,-07:00,2025-10-11T18:59:26-07:00,2,19
style.css,112,css,b4882691,charleszzhyy,2025-10-11,18:59:26,-07:00,2025-10-11T18:59:26-07:00,1,0
style.css,113,css,b4882691,charleszzhyy,2025-10-11,18:59:26,-07:00,2025-10-11T18:59:26-07:00,0,0
style.css,114,css,b4882691,charleszzhyy,2025-10-11,18:59:26,-07:00,2025-10-11T18:59:26-07:00,0,0
style.css,115,css,b4882691,charleszzhyy,2025-10-11,18:59:26,-07:00,2025-10-11T18:59:26-07:00,0,0
style.css,116,css,b4882691,charleszzhyy,2025-10-11,18:59:26,-07:00,2025-10-11T18:59:26-07:00,0,25
style.css,117,css,b4882691,charleszzhyy,2025-10-11,18:59:26,-07:00,2025-10-11T18:59:26-07:00,1,17
style.css,118,css,b4882691,charleszzhyy,2025-10-11,18:59:26,-07:00,2025-10-11T18:59:26-07:00,0,0
style.css,119,css,b4882691,charleszzhyy,2025-10-11,18:59:26,-07:00,2025-10-11T18:59:26-07:00,0,0
style.css,120,css,b4882691,charleszzhyy,2025-10-11,18:59:26,-07:00,2025-10-11T18:59:26-07:00,0,0
style.css,121,css,b4882691,charleszzhyy,2025-10-11,18:59:26,-07:00,2025-10-11T18:59:26-07:00,0,21
style.css,122,css,b4882691,charleszzhyy,2025-10-11,18:59:26,-07:00,2025-10-11T18:59:26-07:00,1,18
style.css,123,css,b4882691,charleszzhyy,2025-10-11,18:59:26,-07:00,2025-10-11T18:59:26-07:00,1,18
style.css,124,css,b4882691,charleszzhyy,2025-10-11,18:59:26,-07:00,2025-10-11T18:59:26-07:00,1,17
style.css,125,css,b4882691,charleszzhyy,2025-10-11,18:59:26,-07:00,2025-10-11T18:59:26-07:00,0,0
style.css,126,css,b4882691,charleszzhyy,2025-10-11,18:59:26,-07:00,2025-10-11T18:59:26-07:00,0,0
style.css,127,css,b4882691,charleszzhyy,2025-10-11,18:59:26,-07:00,2025-10-11T18:59:26-07:00,0,0
style.css,128,css,b4882691,charleszzhyy,2025-10-11,18:59:26,-07:00,2025-10-11T18:59:26-07:00,0,17
style.css,129,css,b4882691,charleszzhyy,2025-10-11,18:59:26,-07:00,2025-10-11T18:59:26-07:00,0,21
style.css,130,css,b4882691,charleszzhyy,2025-10-11,18:59:26,-07:00,2025-10-11T18:59:26-07:00,1,13
style.css,131,css,b4882691,charleszzhyy,2025-10-11,18:59:26,-07:00,2025-10-11T18:59:26-07:00,1,36
style.css,132,css,b4882691,charleszzhyy,2025-10-11,18:59:26,-07:00,2025-10-11T18:59:26-07:00,1,21
style.css,133,css,b4882691,charleszzhyy,2025-10-11,18:59:26,-07:00,2025-10-11T18:59:26-07:00,0,0
style.css,134,css,b4882691,charleszzhyy,2025-10-11,18:59:26,-07:00,2025-10-11T18:59:26-07:00,0,0
style.css,135,css,b4882691,charleszzhyy,2025-10-11,18:59:26,-07:00,2025-10-11T18:59:26-07:00,0,0
style.css,136,css,b4882691,charleszzhyy,2025-10-11,18:59:26,-07:00,2025-10-11T18:59:26-07:00,0,19
style.css,137,css,b4882691,charleszzhyy,2025-10-11,18:59:26,-07:00,2025-10-11T18:59:26-07:00,1,11
style.css,138,css,b4882691,charleszzhyy,2025-10-11,18:59:26,-07:00,2025-10-11T18:59:26-07:00,1,30
style.css,139,css,b4882691,charleszzhyy,2025-10-11,18:59:26,-07:00,2025-10-11T18:59:26-07:00,1,11
style.css,140,css,b4882691,charleszzhyy,2025-10-11,18:59:26,-07:00,2025-10-11T18:59:26-07:00,1,21
style.css,141,css,b4882691,charleszzhyy,2025-10-11,18:59:26,-07:00,2025-10-11T18:59:26-07:00,1,14
style.css,142,css,b4882691,charleszzhyy,2025-10-11,18:59:26,-07:00,2025-10-11T18:59:26-07:00,0,0
style.css,143,css,b4882691,charleszzhyy,2025-10-11,18:59:26,-07:00,2025-10-11T18:59:26-07:00,0,25
style.css,144,css,b4882691,charleszzhyy,2025-10-11,18:59:26,-07:00,2025-10-11T18:59:26-07:00,1,23
style.css,145,css,b4882691,charleszzhyy,2025-10-11,18:59:26,-07:00,2025-10-11T18:59:26-07:00,0,0
style.css,146,css,b4882691,charleszzhyy,2025-10-11,18:59:26,-07:00,2025-10-11T18:59:26-07:00,0,0
style.css,147,css,b4882691,charleszzhyy,2025-10-11,18:59:26,-07:00,2025-10-11T18:59:26-07:00,0,9
style.css,148,css,b4882691,charleszzhyy,2025-10-11,18:59:26,-07:00,2025-10-11T18:59:26-07:00,1,12
style.css,149,css,b4882691,charleszzhyy,2025-10-11,18:59:26,-07:00,2025-10-11T18:59:26-07:00,1,58
style.css,150,css,b4882691,charleszzhyy,2025-10-11,18:59:26,-07:00,2025-10-11T18:59:26-07:00,1,7
style.css,151,css,b4882691,charleszzhyy,2025-10-11,18:59:26,-07:00,2025-10-11T18:59:26-07:00,1,17
style.css,152,css,b4882691,charleszzhyy,2025-10-11,18:59:26,-07:00,2025-10-11T18:59:26-07:00,0,0
style.css,153,css,b4882691,charleszzhyy,2025-10-11,18:59:26,-07:00,2025-10-11T18:59:26-07:00,0,0
style.css,154,css,b4882691,charleszzhyy,2025-10-11,18:59:26,-07:00,2025-10-11T18:59:26-07:00,0,17
style.css,155,css,b4882691,charleszzhyy,2025-10-11,18:59:26,-07:00,2025-10-11T18:59:26-07:00,1,16
style.css,156,css,b4882691,charleszzhyy,2025-10-11,18:59:26,-07:00,2025-10-11T18:59:26-07:00,1,42
style.css,157,css,b4882691,charleszzhyy,2025-10-11,18:59:26,-07:00,2025-10-11T18:59:26-07:00,1,20
style.css,158,css,b4882691,charleszzhyy,2025-10-11,18:59:26,-07:00,2025-10-11T18:59:26-07:00,1,15
style.css,159,css,b4882691,charleszzhyy,2025-10-11,18:59:26,-07:00,2025-10-11T18:59:26-07:00,1,12
style.css,160,css,b4882691,charleszzhyy,2025-10-11,18:59:26,-07:00,2025-10-11T18:59:26-07:00,1,10
style.css,161,css,b4882691,charleszzhyy,2025-10-11,18:59:26,-07:00,2025-10-11T18:59:26-07:00,0,0
style.css,162,css,b4882691,charleszzhyy,2025-10-11,18:59:26,-07:00,2025-10-11T18:59:26-07:00,0,0
style.css,163,css,b4882691,charleszzhyy,2025-10-11,18:59:26,-07:00,2025-10-11T18:59:26-07:00,0,0
style.css,164,css,b4882691,charleszzhyy,2025-10-11,18:59:26,-07:00,2025-10-11T18:59:26-07:00,0,13
style.css,165,css,b4882691,charleszzhyy,2025-10-11,18:59:26,-07:00,2025-10-11T18:59:26-07:00,1,10
style.css,166,css,b4882691,charleszzhyy,2025-10-11,18:59:26,-07:00,2025-10-11T18:59:26-07:00,1,11
style.css,167,css,b4882691,charleszzhyy,2025-10-11,18:59:26,-07:00,2025-10-11T18:59:26-07:00,1,13
style.css,168,css,b4882691,charleszzhyy,2025-10-11,18:59:26,-07:00,2025-10-11T18:59:26-07:00,1,21
style.css,169,css,b4882691,charleszzhyy,2025-10-11,18:59:26,-07:00,2025-10-11T18:59:26-07:00,0,0
style.css,170,css,b4882691,charleszzhyy,2025-10-11,18:59:26,-07:00,2025-10-11T18:59:26-07:00,0,0
style.css,171,css,b4882691,charleszzhyy,2025-10-11,18:59:26,-07:00,2025-10-11T18:59:26-07:00,0,0
style.css,172,css,b4882691,charleszzhyy,2025-10-11,18:59:26,-07:00,2025-10-11T18:59:26-07:00,0,39
style.css,173,css,b4882691,charleszzhyy,2025-10-11,18:59:26,-07:00,2025-10-11T18:59:26-07:00,1,42
style.css,174,css,b4882691,charleszzhyy,2025-10-11,18:59:26,-07:00,2025-10-11T18:59:26-07:00,1,17
style.css,175,css,b4882691,charleszzhyy,2025-10-11,18:59:26,-07:00,2025-10-11T18:59:26-07:00,2,26
style.css,176,css,b4882691,charleszzhyy,2025-10-11,18:59:26,-07:00,2025-10-11T18:59:26-07:00,2,15
style.css,177,css,b4882691,charleszzhyy,2025-10-11,18:59:26,-07:00,2025-10-11T18:59:26-07:00,1,0
style.css,178,css,b4882691,charleszzhyy,2025-10-11,18:59:26,-07:00,2025-10-11T18:59:26-07:00,0,0
style.css,179,css,b4882691,charleszzhyy,2025-10-11,18:59:26,-07:00,2025-10-11T18:59:26-07:00,0,0
style.css,180,css,b4882691,charleszzhyy,2025-10-11,18:59:26,-07:00,2025-10-11T18:59:26-07:00,0,0
style.css,181,css,b4882691,charleszzhyy,2025-10-11,18:59:26,-07:00,2025-10-11T18:59:26-07:00,0,43
style.css,182,css,b4882691,charleszzhyy,2025-10-11,18:59:26,-07:00,2025-10-11T18:59:26-07:00,1,54
style.css,183,css,b4882691,charleszzhyy,2025-10-11,18:59:26,-07:00,2025-10-11T18:59:26-07:00,0,0
style.css,184,css,b4882691,charleszzhyy,2025-10-11,18:59:26,-07:00,2025-10-11T18:59:26-07:00,0,0
style.css,185,css,b4882691,charleszzhyy,2025-10-11,18:59:26,-07:00,2025-10-11T18:59:26-07:00,0,0
style.css,186,css,b4882691,charleszzhyy,2025-10-11,18:59:26,-07:00,2025-10-11T18:59:26-07:00,0,2
style.css,187,css,b4882691,charleszzhyy,2025-10-11,18:59:26,-07:00,2025-10-11T18:59:26-07:00,1,14
style.css,188,css,b4882691,charleszzhyy,2025-10-11,18:59:26,-07:00,2025-10-11T18:59:26-07:00,1,15
style.css,189,css,b4882691,charleszzhyy,2025-10-11,18:59:26,-07:00,2025-10-11T18:59:26-07:00,1,17
style.css,190,css,b4882691,charleszzhyy,2025-10-11,18:59:26,-07:00,2025-10-11T18:59:26-07:00,0,0
style.css,191,css,b4882691,charleszzhyy,2025-10-11,18:59:26,-07:00,2025-10-11T18:59:26-07:00,0,0
style.css,192,css,b4882691,charleszzhyy,2025-10-11,18:59:26,-07:00,2025-10-11T18:59:26-07:00,0,12
style.css,193,css,b4882691,charleszzhyy,2025-10-11,18:59:26,-07:00,2025-10-11T18:59:26-07:00,1,8
style.css,194,css,b4882691,charleszzhyy,2025-10-11,18:59:26,-07:00,2025-10-11T18:59:26-07:00,1,15
style.css,195,css,b4882691,charleszzhyy,2025-10-11,18:59:26,-07:00,2025-10-11T18:59:26-07:00,1,17
style.css,196,css,5e65eb0e,charleszzhyy,2025-10-24,21:03:41,-07:00,2025-10-24T21:03:41-07:00,0,0
style.css,197,css,5e65eb0e,charleszzhyy,2025-10-24,21:03:41,-07:00,2025-10-24T21:03:41-07:00,0,0
style.css,198,css,5e65eb0e,charleszzhyy,2025-10-24,21:03:41,-07:00,2025-10-24T21:03:41-07:00,0,0
style.css,199,css,5e65eb0e,charleszzhyy,2025-10-24,21:03:41,-07:00,2025-10-24T21:03:41-07:00,0,17
style.css,200,css,5e65eb0e,charleszzhyy,2025-10-24,21:03:41,-07:00,2025-10-24T21:03:41-07:00,1,10
style.css,201,css,5e65eb0e,charleszzhyy,2025-10-24,21:03:41,-07:00,2025-10-24T21:03:41-07:00,0,0
style.css,202,css,5e65eb0e,charleszzhyy,2025-10-24,21:03:41,-07:00,2025-10-24T21:03:41-07:00,0,0
style.css,203,css,5e65eb0e,charleszzhyy,2025-10-24,21:03:41,-07:00,2025-10-24T21:03:41-07:00,0,20
style.css,204,css,5e65eb0e,charleszzhyy,2025-10-24,21:03:41,-07:00,2025-10-24T21:03:41-07:00,1,10
style.css,205,css,5e65eb0e,charleszzhyy,2025-10-24,21:03:41,-07:00,2025-10-24T21:03:41-07:00,1,58
style.css,206,css,5e65eb0e,charleszzhyy,2025-10-24,21:03:41,-07:00,2025-10-24T21:03:41-07:00,1,15
style.css,207,css,5e65eb0e,charleszzhyy,2025-10-24,21:03:41,-07:00,2025-10-24T21:03:41-07:00,1,20
style.css,208,css,5e65eb0e,charleszzhyy,2025-10-24,21:03:41,-07:00,2025-10-24T21:03:41-07:00,0,0
style.css,209,css,5e65eb0e,charleszzhyy,2025-10-24,21:03:41,-07:00,2025-10-24T21:03:41-07:00,0,0
style.css,210,css,5e65eb0e,charleszzhyy,2025-10-24,21:03:41,-07:00,2025-10-24T21:03:41-07:00,0,19
style.css,211,css,5e65eb0e,charleszzhyy,2025-10-24,21:03:41,-07:00,2025-10-24T21:03:41-07:00,1,10
style.css,212,css,5e65eb0e,charleszzhyy,2025-10-24,21:03:41,-07:00,2025-10-24T21:03:41-07:00,1,15
style.css,213,css,5e65eb0e,charleszzhyy,2025-10-24,21:03:41,-07:00,2025-10-24T21:03:41-07:00,1,17
style.css,214,css,5e65eb0e,charleszzhyy,2025-10-24,21:03:41,-07:00,2025-10-24T21:03:41-07:00,1,17
style.css,215,css,5e65eb0e,charleszzhyy,2025-10-24,21:03:41,-07:00,2025-10-24T21:03:41-07:00,0,0
style.css,216,css,5e65eb0e,charleszzhyy,2025-10-24,21:03:41,-07:00,2025-10-24T21:03:41-07:00,0,0
style.css,217,css,5e65eb0e,charleszzhyy,2025-10-24,21:03:41,-07:00,2025-10-24T21:03:41-07:00,0,0
style.css,218,css,efc057c4,charleszzhyy,2025-10-31,21:26:30,-07:00,2025-10-31T21:26:30-07:00,0,18
style.css,219,css,efc057c4,charleszzhyy,2025-10-31,21:26:30,-07:00,2025-10-31T21:26:30-07:00,1,14
style.css,220,css,efc057c4,charleszzhyy,2025-10-31,21:26:30,-07:00,2025-10-31T21:26:30-07:00,1,16
style.css,221,css,efc057c4,charleszzhyy,2025-10-31,21:26:30,-07:00,2025-10-31T21:26:30-07:00,1,16
style.css,222,css,efc057c4,charleszzhyy,2025-10-31,21:26:30,-07:00,2025-10-31T21:26:30-07:00,1,13
style.css,223,css,efc057c4,charleszzhyy,2025-10-31,21:26:30,-07:00,2025-10-31T21:26:30-07:00,0,0
style.css,224,css,efc057c4,charleszzhyy,2025-10-31,21:26:30,-07:00,2025-10-31T21:26:30-07:00,0,0
style.css,225,css,efc057c4,charleszzhyy,2025-10-31,21:26:30,-07:00,2025-10-31T21:26:30-07:00,0,0
style.css,226,css,efc057c4,charleszzhyy,2025-10-31,21:26:30,-07:00,2025-10-31T21:26:30-07:00,0,0
style.css,227,css,efc057c4,charleszzhyy,2025-10-31,21:26:30,-07:00,2025-10-31T21:26:30-07:00,0,10
style.css,228,css,efc057c4,charleszzhyy,2025-10-31,21:26:30,-07:00,2025-10-31T21:26:30-07:00,1,12
style.css,229,css,efc057c4,charleszzhyy,2025-10-31,21:26:30,-07:00,2025-10-31T21:26:30-07:00,1,14
style.css,230,css,efc057c4,charleszzhyy,2025-10-31,21:26:30,-07:00,2025-10-31T21:26:30-07:00,1,22
style.css,231,css,efc057c4,charleszzhyy,2025-10-31,21:26:30,-07:00,2025-10-31T21:26:30-07:00,1,8
style.css,232,css,efc057c4,charleszzhyy,2025-10-31,21:26:30,-07:00,2025-10-31T21:26:30-07:00,1,22
style.css,233,css,efc057c4,charleszzhyy,2025-10-31,21:26:30,-07:00,2025-10-31T21:26:30-07:00,0,0
style.css,234,css,efc057c4,charleszzhyy,2025-10-31,21:26:30,-07:00,2025-10-31T21:26:30-07:00,0,0
style.css,235,css,efc057c4,charleszzhyy,2025-10-31,21:26:30,-07:00,2025-10-31T21:26:30-07:00,0,0
style.css,236,css,efc057c4,charleszzhyy,2025-10-31,21:26:30,-07:00,2025-10-31T21:26:30-07:00,0,18
style.css,237,css,efc057c4,charleszzhyy,2025-10-31,21:26:30,-07:00,2025-10-31T21:26:30-07:00,1,13
style.css,238,css,efc057c4,charleszzhyy,2025-10-31,21:26:30,-07:00,2025-10-31T21:26:30-07:00,1,14
style.css,239,css,efc057c4,charleszzhyy,2025-10-31,21:26:30,-07:00,2025-10-31T21:26:30-07:00,1,16
style.css,240,css,efc057c4,charleszzhyy,2025-10-31,21:26:30,-07:00,2025-10-31T21:26:30-07:00,1,13
style.css,241,css,efc057c4,charleszzhyy,2025-10-31,21:26:30,-07:00,2025-10-31T21:26:30-07:00,0,0
style.css,242,css,efc057c4,charleszzhyy,2025-10-31,21:26:30,-07:00,2025-10-31T21:26:30-07:00,0,0
style.css,243,css,efc057c4,charleszzhyy,2025-10-31,21:26:30,-07:00,2025-10-31T21:26:30-07:00,0,7
style.css,244,css,efc057c4,charleszzhyy,2025-10-31,21:26:30,-07:00,2025-10-31T21:26:30-07:00,1,13
style.css,245,css,efc057c4,charleszzhyy,2025-10-31,21:26:30,-07:00,2025-10-31T21:26:30-07:00,1,12
style.css,246,css,efc057c4,charleszzhyy,2025-10-31,21:26:30,-07:00,2025-10-31T21:26:30-07:00,1,57
style.css,247,css,efc057c4,charleszzhyy,2025-10-31,21:26:30,-07:00,2025-10-31T21:26:30-07:00,1,15
style.css,248,css,efc057c4,charleszzhyy,2025-10-31,21:26:30,-07:00,2025-10-31T21:26:30-07:00,1,16
style.css,249,css,efc057c4,charleszzhyy,2025-10-31,21:26:30,-07:00,2025-10-31T21:26:30-07:00,1,36
style.css,250,css,efc057c4,charleszzhyy,2025-10-31,21:26:30,-07:00,2025-10-31T21:26:30-07:00,1,21
style.css,251,css,efc057c4,charleszzhyy,2025-10-31,21:26:30,-07:00,2025-10-31T21:26:30-07:00,1,22
style.css,252,css,efc057c4,charleszzhyy,2025-10-31,21:26:30,-07:00,2025-10-31T21:26:30-07:00,1,8
style.css,253,css,efc057c4,charleszzhyy,2025-10-31,21:26:30,-07:00,2025-10-31T21:26:30-07:00,1,15
style.css,254,css,efc057c4,charleszzhyy,2025-10-31,21:26:30,-07:00,2025-10-31T21:26:30-07:00,0,0
style.css,255,css,efc057c4,charleszzhyy,2025-10-31,21:26:30,-07:00,2025-10-31T21:26:30-07:00,0,0
style.css,256,css,efc057c4,charleszzhyy,2025-10-31,21:26:30,-07:00,2025-10-31T21:26:30-07:00,0,0
style.css,257,css,efc057c4,charleszzhyy,2025-10-31,21:26:30,-07:00,2025-10-31T21:26:30-07:00,0,10
style.css,258,css,efc057c4,charleszzhyy,2025-10-31,21:26:30,-07:00,2025-10-31T21:26:30-07:00,1,12
style.css,259,css,efc057c4,charleszzhyy,2025-10-31,21:26:30,-07:00,2025-10-31T21:26:30-07:00,1,18
style.css,260,css,efc057c4,charleszzhyy,2025-10-31,21:26:30,-07:00,2025-10-31T21:26:30-07:00,1,10
style.css,261,css,efc057c4,charleszzhyy,2025-10-31,21:26:30,-07:00,2025-10-31T21:26:30-07:00,1,0
style.css,262,css,efc057c4,charleszzhyy,2025-10-31,21:26:30,-07:00,2025-10-31T21:26:30-07:00,1,15
style.css,263,css,efc057c4,charleszzhyy,2025-10-31,21:26:30,-07:00,2025-10-31T21:26:30-07:00,1,8
style.css,264,css,efc057c4,charleszzhyy,2025-10-31,21:26:30,-07:00,2025-10-31T21:26:30-07:00,1,9
style.css,265,css,efc057c4,charleszzhyy,2025-10-31,21:26:30,-07:00,2025-10-31T21:26:30-07:00,0,0
style.css,266,css,efc057c4,charleszzhyy,2025-10-31,21:26:30,-07:00,2025-10-31T21:26:30-07:00,0,0
style.css,267,css,efc057c4,charleszzhyy,2025-10-31,21:26:30,-07:00,2025-10-31T21:26:30-07:00,0,0
style.css,268,css,efc057c4,charleszzhyy,2025-10-31,21:26:30,-07:00,2025-10-31T21:26:30-07:00,0,15
style.css,269,css,efc057c4,charleszzhyy,2025-10-31,21:26:30,-07:00,2025-10-31T21:26:30-07:00,1,13
style.css,270,css,efc057c4,charleszzhyy,2025-10-31,21:26:30,-07:00,2025-10-31T21:26:30-07:00,1,18
style.css,271,css,efc057c4,charleszzhyy,2025-10-31,21:26:30,-07:00,2025-10-31T21:26:30-07:00,1,29
style.css,272,css,efc057c4,charleszzhyy,2025-10-31,21:26:30,-07:00,2025-10-31T21:26:30-07:00,1,21
style.css,273,css,efc057c4,charleszzhyy,2025-10-31,21:26:30,-07:00,2025-10-31T21:26:30-07:00,1,42
style.css,274,css,efc057c4,charleszzhyy,2025-10-31,21:26:30,-07:00,2025-10-31T21:26:30-07:00,1,20
style.css,275,css,efc057c4,charleszzhyy,2025-10-31,21:26:30,-07:00,2025-10-31T21:26:30-07:00,1,13
style.css,276,css,efc057c4,charleszzhyy,2025-10-31,21:26:30,-07:00,2025-10-31T21:26:30-07:00,0,0
style.css,277,css,efc057c4,charleszzhyy,2025-10-31,21:26:30,-07:00,2025-10-31T21:26:30-07:00,0,0
style.css,278,css,efc057c4,charleszzhyy,2025-10-31,21:26:30,-07:00,2025-10-31T21:26:30-07:00,0,10
style.css,279,css,efc057c4,charleszzhyy,2025-10-31,21:26:30,-07:00,2025-10-31T21:26:30-07:00,1,17
style.css,280,css,efc057c4,charleszzhyy,2025-10-31,21:26:30,-07:00,2025-10-31T21:26:30-07:00,1,11
style.css,281,css,efc057c4,charleszzhyy,2025-10-31,21:26:30,-07:00,2025-10-31T21:26:30-07:00,1,15
style.css,282,css,efc057c4,charleszzhyy,2025-10-31,21:26:30,-07:00,2025-10-31T21:26:30-07:00,0,0
style.css,283,css,efc057c4,charleszzhyy,2025-10-31,21:26:30,-07:00,2025-10-31T21:26:30-07:00,0,0
style.css,284,css,efc057c4,charleszzhyy,2025-10-31,21:26:30,-07:00,2025-10-31T21:26:30-07:00,0,10
style.css,285,css,efc057c4,charleszzhyy,2025-10-31,21:26:30,-07:00,2025-10-31T21:26:30-07:00,1,10
style.css,286,css,efc057c4,charleszzhyy,2025-10-31,21:26:30,-07:00,2025-10-31T21:26:30-07:00,1,21
style.css,287,css,efc057c4,charleszzhyy,2025-10-31,21:26:30,-07:00,2025-10-31T21:26:30-07:00,1,12
style.css,288,css,efc057c4,charleszzhyy,2025-10-31,21:26:30,-07:00,2025-10-31T21:26:30-07:00,1,20
style.css,289,css,efc057c4,charleszzhyy,2025-10-31,21:26:30,-07:00,2025-10-31T21:26:30-07:00,1,36
style.css,290,css,efc057c4,charleszzhyy,2025-10-31,21:26:30,-07:00,2025-10-31T21:26:30-07:00,1,21
style.css,291,css,efc057c4,charleszzhyy,2025-10-31,21:26:30,-07:00,2025-10-31T21:26:30-07:00,1,22
style.css,292,css,efc057c4,charleszzhyy,2025-10-31,21:26:30,-07:00,2025-10-31T21:26:30-07:00,0,0
style.css,293,css,efc057c4,charleszzhyy,2025-10-31,21:26:30,-07:00,2025-10-31T21:26:30-07:00,0,0
style.css,294,css,efc057c4,charleszzhyy,2025-10-31,21:26:30,-07:00,2025-10-31T21:26:30-07:00,0,23
style.css,295,css,efc057c4,charleszzhyy,2025-10-31,21:26:30,-07:00,2025-10-31T21:26:30-07:00,1,14
style.css,296,css,efc057c4,charleszzhyy,2025-10-31,21:26:30,-07:00,2025-10-31T21:26:30-07:00,1,36
style.css,297,css,efc057c4,charleszzhyy,2025-10-31,21:26:30,-07:00,2025-10-31T21:26:30-07:00,0,0
style.css,298,css,efc057c4,charleszzhyy,2025-10-31,21:26:30,-07:00,2025-10-31T21:26:30-07:00,0,0
style.css,299,css,efc057c4,charleszzhyy,2025-10-31,21:26:30,-07:00,2025-10-31T21:26:30-07:00,0,51
style.css,300,css,efc057c4,charleszzhyy,2025-10-31,21:26:30,-07:00,2025-10-31T21:26:30-07:00,1,11
style.css,301,css,efc057c4,charleszzhyy,2025-10-31,21:26:30,-07:00,2025-10-31T21:26:30-07:00,0,0
style.css,302,css,efc057c4,charleszzhyy,2025-10-31,21:26:30,-07:00,2025-10-31T21:26:30-07:00,0,0
style.css,303,css,efc057c4,charleszzhyy,2025-10-31,21:26:30,-07:00,2025-10-31T21:26:30-07:00,0,9
style.css,304,css,efc057c4,charleszzhyy,2025-10-31,21:26:30,-07:00,2025-10-31T21:26:30-07:00,1,36
style.css,305,css,efc057c4,charleszzhyy,2025-10-31,21:26:30,-07:00,2025-10-31T21:26:30-07:00,0,0
style.css,306,css,efc057c4,charleszzhyy,2025-10-31,21:26:30,-07:00,2025-10-31T21:26:30-07:00,0,0
style.css,307,css,efc057c4,charleszzhyy,2025-10-31,21:26:30,-07:00,2025-10-31T21:26:30-07:00,0,18
style.css,308,css,efc057c4,charleszzhyy,2025-10-31,21:26:30,-07:00,2025-10-31T21:26:30-07:00,1,17
style.css,309,css,efc057c4,charleszzhyy,2025-10-31,21:26:30,-07:00,2025-10-31T21:26:30-07:00,0,0
style.css,310,css,efc057c4,charleszzhyy,2025-10-31,21:26:30,-07:00,2025-10-31T21:26:30-07:00,0,0
style.css,311,css,efc057c4,charleszzhyy,2025-10-31,21:26:30,-07:00,2025-10-31T21:26:30-07:00,0,10
style.css,312,css,efc057c4,charleszzhyy,2025-10-31,21:26:30,-07:00,2025-10-31T21:26:30-07:00,1,14
style.css,313,css,efc057c4,charleszzhyy,2025-10-31,21:26:30,-07:00,2025-10-31T21:26:30-07:00,1,61
style.css,314,css,efc057c4,charleszzhyy,2025-10-31,21:26:30,-07:00,2025-10-31T21:26:30-07:00,0,0
style.css,315,css,efc057c4,charleszzhyy,2025-10-31,21:26:30,-07:00,2025-10-31T21:26:30-07:00,0,0
style.css,316,css,efc057c4,charleszzhyy,2025-10-31,21:26:30,-07:00,2025-10-31T21:26:30-07:00,0,36
style.css,317,css,efc057c4,charleszzhyy,2025-10-31,21:26:30,-07:00,2025-10-31T21:26:30-07:00,1,11
style.css,318,css,efc057c4,charleszzhyy,2025-10-31,21:26:30,-07:00,2025-10-31T21:26:30-07:00,0,0
style.css,319,css,efc057c4,charleszzhyy,2025-10-31,21:26:30,-07:00,2025-10-31T21:26:30-07:00,0,0
style.css,320,css,efc057c4,charleszzhyy,2025-10-31,21:26:30,-07:00,2025-10-31T21:26:30-07:00,0,19
style.css,321,css,efc057c4,charleszzhyy,2025-10-31,21:26:30,-07:00,2025-10-31T21:26:30-07:00,1,15
style.css,322,css,efc057c4,charleszzhyy,2025-10-31,21:26:30,-07:00,2025-10-31T21:26:30-07:00,1,25
style.css,323,css,efc057c4,charleszzhyy,2025-10-31,21:26:30,-07:00,2025-10-31T21:26:30-07:00,0,0
style.css,324,css,5e65eb0e,charleszzhyy,2025-10-24,21:03:41,-07:00,2025-10-24T21:03:41-07:00,0,0
index.js,1,js,5e65eb0e,charleszzhyy,2025-10-24,21:03:41,-07:00,2025-10-24T21:03:41-07:00,0,71
index.js,2,js,5e65eb0e,charleszzhyy,2025-10-24,21:03:41,-07:00,2025-10-24T21:03:41-07:00,0,0
index.js,3,js,5e65eb0e,charleszzhyy,2025-10-24,21:03:41,-07:00,2025-10-24T21:03:41-07:00,0,29
index.js,4,js,5e65eb0e,charleszzhyy,2025-10-24,21:03:41,-07:00,2025-10-24T21:03:41-07:00,1,0
index.js,5,js,5e65eb0e,charleszzhyy,2025-10-24,21:03:41,-07:00,2025-10-24T21:03:41-07:00,1,57
index.js,6,js,5e65eb0e,charleszzhyy,2025-10-24,21:03:41,-07:00,2025-10-24T21:03:41-07:00,1,45
index.js,7,js,5e65eb0e,charleszzhyy,2025-10-24,21:03:41,-07:00,2025-10-24T21:03:41-07:00,0,0
index.js,8,js,5e65eb0e,charleszzhyy,2025-10-24,21:03:41,-07:00,2025-10-24T21:03:41-07:00,1,60
index.js,9,js,5e65eb0e,charleszzhyy,2025-10-24,21:03:41,-07:00,2025-10-24T21:03:41-07:00,1,54
index.js,10,js,5e65eb0e,charleszzhyy,2025-10-24,21:03:41,-07:00,2025-10-24T21:03:41-07:00,0,0
index.js,11,js,5e65eb0e,charleszzhyy,2025-10-24,21:03:41,-07:00,2025-10-24T21:03:41-07:00,0,0
index.js,12,js,5e65eb0e,charleszzhyy,2025-10-24,21:03:41,-07:00,2025-10-24T21:03:41-07:00,1,55
index.js,13,js,5e65eb0e,charleszzhyy,2025-10-24,21:03:41,-07:00,2025-10-24T21:03:41-07:00,0,0
index.js,14,js,5e65eb0e,charleszzhyy,2025-10-24,21:03:41,-07:00,2025-10-24T21:03:41-07:00,0,0
index.js,15,js,5e65eb0e,charleszzhyy,2025-10-24,21:03:41,-07:00,2025-10-24T21:03:41-07:00,1,60
index.js,16,js,5e65eb0e,charleszzhyy,2025-10-24,21:03:41,-07:00,2025-10-24T21:03:41-07:00,0,0
index.js,17,js,5e65eb0e,charleszzhyy,2025-10-24,21:03:41,-07:00,2025-10-24T21:03:41-07:00,1,31
index.js,18,js,5e65eb0e,charleszzhyy,2025-10-24,21:03:41,-07:00,2025-10-24T21:03:41-07:00,2,24
index.js,19,js,5e65eb0e,charleszzhyy,2025-10-24,21:03:41,-07:00,2025-10-24T21:03:41-07:00,3,22
index.js,20,js,5e65eb0e,charleszzhyy,2025-10-24,21:03:41,-07:00,2025-10-24T21:03:41-07:00,3,28
index.js,21,js,5e65eb0e,charleszzhyy,2025-10-24,21:03:41,-07:00,2025-10-24T21:03:41-07:00,4,16
index.js,22,js,5e65eb0e,charleszzhyy,2025-10-24,21:03:41,-07:00,2025-10-24T21:03:41-07:00,4,30
index.js,23,js,5e65eb0e,charleszzhyy,2025-10-24,21:03:41,-07:00,2025-10-24T21:03:41-07:00,0,0
index.js,24,js,5e65eb0e,charleszzhyy,2025-10-24,21:03:41,-07:00,2025-10-24T21:03:41-07:00,4,16
index.js,25,js,5e65eb0e,charleszzhyy,2025-10-24,21:03:41,-07:00,2025-10-24T21:03:41-07:00,4,30
index.js,26,js,5e65eb0e,charleszzhyy,2025-10-24,21:03:41,-07:00,2025-10-24T21:03:41-07:00,0,0
index.js,27,js,5e65eb0e,charleszzhyy,2025-10-24,21:03:41,-07:00,2025-10-24T21:03:41-07:00,4,19
index.js,28,js,5e65eb0e,charleszzhyy,2025-10-24,21:03:41,-07:00,2025-10-24T21:03:41-07:00,4,33
index.js,29,js,5e65eb0e,charleszzhyy,2025-10-24,21:03:41,-07:00,2025-10-24T21:03:41-07:00,0,0
index.js,30,js,5e65eb0e,charleszzhyy,2025-10-24,21:03:41,-07:00,2025-10-24T21:03:41-07:00,4,19
index.js,31,js,5e65eb0e,charleszzhyy,2025-10-24,21:03:41,-07:00,2025-10-24T21:03:41-07:00,4,33
index.js,32,js,5e65eb0e,charleszzhyy,2025-10-24,21:03:41,-07:00,2025-10-24T21:03:41-07:00,3,3
index.js,33,js,5e65eb0e,charleszzhyy,2025-10-24,21:03:41,-07:00,2025-10-24T21:03:41-07:00,2,0
index.js,34,js,5e65eb0e,charleszzhyy,2025-10-24,21:03:41,-07:00,2025-10-24T21:03:41-07:00,1,0
index.js,35,js,5e65eb0e,charleszzhyy,2025-10-24,21:03:41,-07:00,2025-10-24T21:03:41-07:00,0,0
index.js,36,js,5e65eb0e,charleszzhyy,2025-10-24,21:03:41,-07:00,2025-10-24T21:03:41-07:00,0,0
index.js,37,js,5e65eb0e,charleszzhyy,2025-10-24,21:03:41,-07:00,2025-10-24T21:03:41-07:00,0,13
index.html,1,html,dd52782f,charleszzhyy,2025-10-03,21:31:01,-07:00,2025-10-03T21:31:01-07:00,0,13
index.html,2,html,dd52782f,charleszzhyy,2025-10-03,21:31:01,-07:00,2025-10-03T21:31:01-07:00,0,14
index.html,3,html,dd52782f,charleszzhyy,2025-10-03,21:31:01,-07:00,2025-10-03T21:31:01-07:00,0,4
index.html,4,html,5e65eb0e,charleszzhyy,2025-10-24,21:03:41,-07:00,2025-10-24T21:03:41-07:00,1,22
index.html,5,html,5e65eb0e,charleszzhyy,2025-10-24,21:03:41,-07:00,2025-10-24T21:03:41-07:00,1,70
index.html,6,html,5e65eb0e,charleszzhyy,2025-10-24,21:03:41,-07:00,2025-10-24T21:03:41-07:00,1,55
index.html,7,html,5e65eb0e,charleszzhyy,2025-10-24,21:03:41,-07:00,2025-10-24T21:03:41-07:00,1,40
index.html,8,html,5e65eb0e,charleszzhyy,2025-10-24,21:03:41,-07:00,2025-10-24T21:03:41-07:00,1,3
index.html,9,html,5e65eb0e,charleszzhyy,2025-10-24,21:03:41,-07:00,2025-10-24T21:03:41-07:00,2,8
index.html,10,html,5e65eb0e,charleszzhyy,2025-10-24,21:03:41,-07:00,2025-10-24T21:03:41-07:00,2,64
index.html,11,html,5e65eb0e,charleszzhyy,2025-10-24,21:03:41,-07:00,2025-10-24T21:03:41-07:00,5,80
index.html,12,html,5e65eb0e,charleszzhyy,2025-10-24,21:03:41,-07:00,2025-10-24T21:03:41-07:00,1,0
index.html,13,html,dd52782f,charleszzhyy,2025-10-03,21:31:01,-07:00,2025-10-03T21:31:01-07:00,0,5
index.html,14,html,5e65eb0e,charleszzhyy,2025-10-24,21:03:41,-07:00,2025-10-24T21:03:41-07:00,0,0
index.html,15,html,dd52782f,charleszzhyy,2025-10-03,21:31:01,-07:00,2025-10-03T21:31:01-07:00,0,4
index.html,16,html,b4882691,charleszzhyy,2025-10-11,18:59:26,-07:00,2025-10-11T18:59:26-07:00,1,0
index.html,17,html,5e65eb0e,charleszzhyy,2025-10-24,21:03:41,-07:00,2025-10-24T21:03:41-07:00,1,45
index.html,18,html,c308f31b,charleszzhyy,2025-10-03,22:00:09,-07:00,2025-10-03T22:00:09-07:00,0,0
index.html,19,html,5e65eb0e,charleszzhyy,2025-10-24,21:03:41,-07:00,2025-10-24T21:03:41-07:00,1,20
index.html,20,html,5e65eb0e,charleszzhyy,2025-10-24,21:03:41,-07:00,2025-10-24T21:03:41-07:00,1,1
index.html,21,html,5e65eb0e,charleszzhyy,2025-10-24,21:03:41,-07:00,2025-10-24T21:03:41-07:00,2,73
index.html,22,html,5e65eb0e,charleszzhyy,2025-10-24,21:03:41,-07:00,2025-10-24T21:03:41-07:00,2,15
index.html,23,html,5e65eb0e,charleszzhyy,2025-10-24,21:03:41,-07:00,2025-10-24T21:03:41-07:00,1,2
index.html,24,html,5e65eb0e,charleszzhyy,2025-10-24,21:03:41,-07:00,2025-10-24T21:03:41-07:00,1,58
index.html,25,html,c308f31b,charleszzhyy,2025-10-03,22:00:09,-07:00,2025-10-03T22:00:09-07:00,0,0
index.html,26,html,c308f31b,charleszzhyy,2025-10-03,22:00:09,-07:00,2025-10-03T22:00:09-07:00,0,0
index.html,27,html,5e65eb0e,charleszzhyy,2025-10-24,21:03:41,-07:00,2025-10-24T21:03:41-07:00,1,7
index.html,28,html,5e65eb0e,charleszzhyy,2025-10-24,21:03:41,-07:00,2025-10-24T21:03:41-07:00,2,22
index.html,29,html,5e65eb0e,charleszzhyy,2025-10-24,21:03:41,-07:00,2025-10-24T21:03:41-07:00,2,20
index.html,30,html,5e65eb0e,charleszzhyy,2025-10-24,21:03:41,-07:00,2025-10-24T21:03:41-07:00,3,0
index.html,31,html,5e65eb0e,charleszzhyy,2025-10-24,21:03:41,-07:00,2025-10-24T21:03:41-07:00,2,4
index.html,32,html,5e65eb0e,charleszzhyy,2025-10-24,21:03:41,-07:00,2025-10-24T21:03:41-07:00,1,8
index.html,33,html,c308f31b,charleszzhyy,2025-10-03,22:00:09,-07:00,2025-10-03T22:00:09-07:00,0,0
index.html,34,html,5e65eb0e,charleszzhyy,2025-10-24,21:03:41,-07:00,2025-10-24T21:03:41-07:00,0,0
index.html,35,html,5e65eb0e,charleszzhyy,2025-10-24,21:03:41,-07:00,2025-10-24T21:03:41-07:00,1,26
index.html,36,html,5e65eb0e,charleszzhyy,2025-10-24,21:03:41,-07:00,2025-10-24T21:03:41-07:00,2,0
index.html,37,html,5e65eb0e,charleszzhyy,2025-10-24,21:03:41,-07:00,2025-10-24T21:03:41-07:00,1,8
index.html,38,html,5e65eb0e,charleszzhyy,2025-10-24,21:03:41,-07:00,2025-10-24T21:03:41-07:00,0,0
index.html,39,html,5e65eb0e,charleszzhyy,2025-10-24,21:03:41,-07:00,2025-10-24T21:03:41-07:00,1,0
index.html,40,html,5e65eb0e,charleszzhyy,2025-10-24,21:03:41,-07:00,2025-10-24T21:03:41-07:00,1,50
index.html,41,html,5e65eb0e,charleszzhyy,2025-10-24,21:03:41,-07:00,2025-10-24T21:03:41-07:00,0,5
index.html,42,html,5e65eb0e,charleszzhyy,2025-10-24,21:03:41,-07:00,2025-10-24T21:03:41-07:00,0,5
global.js,1,js,078ed257,charleszzhyy,2025-10-17,18:23:11,-07:00,2025-10-17T18:23:11-07:00,0,25
global.js,2,js,078ed257,charleszzhyy,2025-10-17,18:23:11,-07:00,2025-10-17T18:23:11-07:00,0,0
global.js,3,js,eaa77ca7,charleszzhyy,2025-10-17,18:37:05,-07:00,2025-10-17T18:37:05-07:00,0,0
global.js,4,js,15f92f04,charleszzhyy,2025-10-17,18:31:04,-07:00,2025-10-17T18:31:04-07:00,0,41
global.js,5,js,078ed257,charleszzhyy,2025-10-17,18:23:11,-07:00,2025-10-17T18:23:11-07:00,1,52
global.js,6,js,078ed257,charleszzhyy,2025-10-17,18:23:11,-07:00,2025-10-17T18:23:11-07:00,0,0
global.js,7,js,078ed257,charleszzhyy,2025-10-17,18:23:11,-07:00,2025-10-17T18:23:11-07:00,0,0
global.js,8,js,15f92f04,charleszzhyy,2025-10-17,18:31:04,-07:00,2025-10-17T18:31:04-07:00,0,0
global.js,9,js,eaa77ca7,charleszzhyy,2025-10-17,18:37:05,-07:00,2025-10-17T18:37:05-07:00,0,29
global.js,10,js,eaa77ca7,charleszzhyy,2025-10-17,18:37:05,-07:00,2025-10-17T18:37:05-07:00,1,59
global.js,11,js,eaa77ca7,charleszzhyy,2025-10-17,18:37:05,-07:00,2025-10-17T18:37:05-07:00,0,0
global.js,12,js,eaa77ca7,charleszzhyy,2025-10-17,18:37:05,-07:00,2025-10-17T18:37:05-07:00,0,0
global.js,13,js,eaa77ca7,charleszzhyy,2025-10-17,18:37:05,-07:00,2025-10-17T18:37:05-07:00,0,13
global.js,14,js,eaa77ca7,charleszzhyy,2025-10-17,18:37:05,-07:00,2025-10-17T18:37:05-07:00,1,39
global.js,15,js,eaa77ca7,charleszzhyy,2025-10-17,18:37:05,-07:00,2025-10-17T18:37:05-07:00,1,39
global.js,16,js,eaa77ca7,charleszzhyy,2025-10-17,18:37:05,-07:00,2025-10-17T18:37:05-07:00,1,39
global.js,17,js,00000000,Not Committed Yet,2025-11-08,22:03:45,-08:00,2025-11-08T22:03:45-08:00,1,39
global.js,18,js,00000000,Not Committed Yet,2025-11-08,22:03:45,-08:00,2025-11-08T22:03:45-08:00,1,39
global.js,19,js,eaa77ca7,charleszzhyy,2025-10-17,18:37:05,-07:00,2025-10-17T18:37:05-07:00,1,58
global.js,20,js,eaa77ca7,charleszzhyy,2025-10-17,18:37:05,-07:00,2025-10-17T18:37:05-07:00,0,0
global.js,21,js,eaa77ca7,charleszzhyy,2025-10-17,18:37:05,-07:00,2025-10-17T18:37:05-07:00,0,0
global.js,22,js,eaa77ca7,charleszzhyy,2025-10-17,18:37:05,-07:00,2025-10-17T18:37:05-07:00,0,0
global.js,23,js,eaa77ca7,charleszzhyy,2025-10-17,18:37:05,-07:00,2025-10-17T18:37:05-07:00,0,18
global.js,24,js,eaa77ca7,charleszzhyy,2025-10-17,18:37:05,-07:00,2025-10-17T18:37:05-07:00,0,60
global.js,25,js,eaa77ca7,charleszzhyy,2025-10-17,18:37:05,-07:00,2025-10-17T18:37:05-07:00,1,45
global.js,26,js,eaa77ca7,charleszzhyy,2025-10-17,18:37:05,-07:00,2025-10-17T18:37:05-07:00,2,0
global.js,27,js,eaa77ca7,charleszzhyy,2025-10-17,18:37:05,-07:00,2025-10-17T18:37:05-07:00,2,73
global.js,28,js,eaa77ca7,charleszzhyy,2025-10-17,18:37:05,-07:00,2025-10-17T18:37:05-07:00,2,51
global.js,29,js,eaa77ca7,charleszzhyy,2025-10-17,18:37:05,-07:00,2025-10-17T18:37:05-07:00,1,6
global.js,30,js,eaa77ca7,charleszzhyy,2025-10-17,18:37:05,-07:00,2025-10-17T18:37:05-07:00,2,14
global.js,31,js,eaa77ca7,charleszzhyy,2025-10-17,18:37:05,-07:00,2025-10-17T18:37:05-07:00,1,0
global.js,32,js,eaa77ca7,charleszzhyy,2025-10-17,18:37:05,-07:00,2025-10-17T18:37:05-07:00,0,0
global.js,33,js,eaa77ca7,charleszzhyy,2025-10-17,18:37:05,-07:00,2025-10-17T18:37:05-07:00,0,0
global.js,34,js,eaa77ca7,charleszzhyy,2025-10-17,18:37:05,-07:00,2025-10-17T18:37:05-07:00,0,40
global.js,35,js,eaa77ca7,charleszzhyy,2025-10-17,18:37:05,-07:00,2025-10-17T18:37:05-07:00,0,25
global.js,36,js,eaa77ca7,charleszzhyy,2025-10-17,18:37:05,-07:00,2025-10-17T18:37:05-07:00,0,0
global.js,37,js,eaa77ca7,charleszzhyy,2025-10-17,18:37:05,-07:00,2025-10-17T18:37:05-07:00,0,0
global.js,38,js,eaa77ca7,charleszzhyy,2025-10-17,18:37:05,-07:00,2025-10-17T18:37:05-07:00,0,22
global.js,39,js,eaa77ca7,charleszzhyy,2025-10-17,18:37:05,-07:00,2025-10-17T18:37:05-07:00,1,14
global.js,40,js,eaa77ca7,charleszzhyy,2025-10-17,18:37:05,-07:00,2025-10-17T18:37:05-07:00,1,20
global.js,41,js,eaa77ca7,charleszzhyy,2025-10-17,18:37:05,-07:00,2025-10-17T18:37:05-07:00,0,0
global.js,42,js,eaa77ca7,charleszzhyy,2025-10-17,18:37:05,-07:00,2025-10-17T18:37:05-07:00,0,0
global.js,43,js,eaa77ca7,charleszzhyy,2025-10-17,18:37:05,-07:00,2025-10-17T18:37:05-07:00,1,60
global.js,44,js,078ed257,charleszzhyy,2025-10-17,18:23:11,-07:00,2025-10-17T18:23:11-07:00,0,0
global.js,45,js,eaa77ca7,charleszzhyy,2025-10-17,18:37:05,-07:00,2025-10-17T18:37:05-07:00,1,36
global.js,46,js,eaa77ca7,charleszzhyy,2025-10-17,18:37:05,-07:00,2025-10-17T18:37:05-07:00,1,11
global.js,47,js,eaa77ca7,charleszzhyy,2025-10-17,18:37:05,-07:00,2025-10-17T18:37:05-07:00,1,20
global.js,48,js,078ed257,charleszzhyy,2025-10-17,18:23:11,-07:00,2025-10-17T18:23:11-07:00,0,0
global.js,49,js,078ed257,charleszzhyy,2025-10-17,18:23:11,-07:00,2025-10-17T18:23:11-07:00,0,0
global.js,50,js,eaa77ca7,charleszzhyy,2025-10-17,18:37:05,-07:00,2025-10-17T18:37:05-07:00,1,42
global.js,51,js,eaa77ca7,charleszzhyy,2025-10-17,18:37:05,-07:00,2025-10-17T18:37:05-07:00,1,32
global.js,52,js,eaa77ca7,charleszzhyy,2025-10-17,18:37:05,-07:00,2025-10-17T18:37:05-07:00,2,18
global.js,53,js,eaa77ca7,charleszzhyy,2025-10-17,18:37:05,-07:00,2025-10-17T18:37:05-07:00,2,28
global.js,54,js,eaa77ca7,charleszzhyy,2025-10-17,18:37:05,-07:00,2025-10-17T18:37:05-07:00,1,0
global.js,55,js,078ed257,charleszzhyy,2025-10-17,18:23:11,-07:00,2025-10-17T18:23:11-07:00,0,0
global.js,56,js,eaa77ca7,charleszzhyy,2025-10-17,18:37:05,-07:00,2025-10-17T18:37:05-07:00,1,45
global.js,57,js,eaa77ca7,charleszzhyy,2025-10-17,18:37:05,-07:00,2025-10-17T18:37:05-07:00,1,16
global.js,58,js,eaa77ca7,charleszzhyy,2025-10-17,18:37:05,-07:00,2025-10-17T18:37:05-07:00,2,11
global.js,59,js,eaa77ca7,charleszzhyy,2025-10-17,18:37:05,-07:00,2025-10-17T18:37:05-07:00,2,64
global.js,60,js,15f92f04,charleszzhyy,2025-10-17,18:31:04,-07:00,2025-10-17T18:31:04-07:00,0,0
global.js,61,js,078ed257,charleszzhyy,2025-10-17,18:23:11,-07:00,2025-10-17T18:23:11-07:00,0,0
global.js,62,js,eaa77ca7,charleszzhyy,2025-10-17,18:37:05,-07:00,2025-10-17T18:37:05-07:00,1,40
global.js,63,js,eaa77ca7,charleszzhyy,2025-10-17,18:37:05,-07:00,2025-10-17T18:37:05-07:00,1,53
global.js,64,js,15f92f04,charleszzhyy,2025-10-17,18:31:04,-07:00,2025-10-17T18:31:04-07:00,0,0
global.js,65,js,eaa77ca7,charleszzhyy,2025-10-17,18:37:05,-07:00,2025-10-17T18:37:05-07:00,1,12
global.js,66,js,55350355,charleszzhyy,2025-10-17,18:57:57,-07:00,2025-10-17T18:57:57-07:00,0,0
global.js,67,js,55350355,charleszzhyy,2025-10-17,18:57:57,-07:00,2025-10-17T18:57:57-07:00,0,0
global.js,68,js,55350355,charleszzhyy,2025-10-17,18:57:57,-07:00,2025-10-17T18:57:57-07:00,0,31
global.js,69,js,55350355,charleszzhyy,2025-10-17,18:57:57,-07:00,2025-10-17T18:57:57-07:00,1,11
global.js,70,js,55350355,charleszzhyy,2025-10-17,18:57:57,-07:00,2025-10-17T18:57:57-07:00,1,0
global.js,71,js,55350355,charleszzhyy,2025-10-17,18:57:57,-07:00,2025-10-17T18:57:57-07:00,1,26
global.js,72,js,55350355,charleszzhyy,2025-10-17,18:57:57,-07:00,2025-10-17T18:57:57-07:00,2,4
global.js,73,js,55350355,charleszzhyy,2025-10-17,18:57:57,-07:00,2025-10-17T18:57:57-07:00,2,6
global.js,74,js,55350355,charleszzhyy,2025-10-17,18:57:57,-07:00,2025-10-17T18:57:57-07:00,3,43
global.js,75,js,55350355,charleszzhyy,2025-10-17,18:57:57,-07:00,2025-10-17T18:57:57-07:00,3,34
global.js,76,js,55350355,charleszzhyy,2025-10-17,18:57:57,-07:00,2025-10-17T18:57:57-07:00,3,32
global.js,77,js,55350355,charleszzhyy,2025-10-17,18:57:57,-07:00,2025-10-17T18:57:57-07:00,2,7
global.js,78,js,55350355,charleszzhyy,2025-10-17,18:57:57,-07:00,2025-10-17T18:57:57-07:00,1,6
global.js,79,js,55350355,charleszzhyy,2025-10-17,18:57:57,-07:00,2025-10-17T18:57:57-07:00,1,0
global.js,80,js,55350355,charleszzhyy,2025-10-17,18:57:57,-07:00,2025-10-17T18:57:57-07:00,0,0
global.js,81,js,55350355,charleszzhyy,2025-10-17,18:57:57,-07:00,2025-10-17T18:57:57-07:00,0,0
global.js,82,js,55350355,charleszzhyy,2025-10-17,18:57:57,-07:00,2025-10-17T18:57:57-07:00,0,60
global.js,83,js,55350355,charleszzhyy,2025-10-17,18:57:57,-07:00,2025-10-17T18:57:57-07:00,0,36
global.js,84,js,55350355,charleszzhyy,2025-10-17,18:57:57,-07:00,2025-10-17T18:57:57-07:00,0,0
global.js,85,js,55350355,charleszzhyy,2025-10-17,18:57:57,-07:00,2025-10-17T18:57:57-07:00,0,0
global.js,86,js,55350355,charleszzhyy,2025-10-17,18:57:57,-07:00,2025-10-17T18:57:57-07:00,0,30
global.js,87,js,55350355,charleszzhyy,2025-10-17,18:57:57,-07:00,2025-10-17T18:57:57-07:00,1,44
global.js,88,js,55350355,charleszzhyy,2025-10-17,18:57:57,-07:00,2025-10-17T18:57:57-07:00,1,31
global.js,89,js,55350355,charleszzhyy,2025-10-17,18:57:57,-07:00,2025-10-17T18:57:57-07:00,0,0
global.js,90,js,55350355,charleszzhyy,2025-10-17,18:57:57,-07:00,2025-10-17T18:57:57-07:00,0,0
global.js,91,js,55350355,charleszzhyy,2025-10-17,18:57:57,-07:00,2025-10-17T18:57:57-07:00,0,29
global.js,92,js,55350355,charleszzhyy,2025-10-17,18:57:57,-07:00,2025-10-17T18:57:57-07:00,1,39
global.js,93,js,55350355,charleszzhyy,2025-10-17,18:57:57,-07:00,2025-10-17T18:57:57-07:00,1,38
global.js,94,js,55350355,charleszzhyy,2025-10-17,18:57:57,-07:00,2025-10-17T18:57:57-07:00,0,0
global.js,95,js,55350355,charleszzhyy,2025-10-17,18:57:57,-07:00,2025-10-17T18:57:57-07:00,0,0
global.js,96,js,55350355,charleszzhyy,2025-10-17,18:57:57,-07:00,2025-10-17T18:57:57-07:00,0,39
global.js,97,js,55350355,charleszzhyy,2025-10-17,18:57:57,-07:00,2025-10-17T18:57:57-07:00,1,29
global.js,98,js,55350355,charleszzhyy,2025-10-17,18:57:57,-07:00,2025-10-17T18:57:57-07:00,1,53
global.js,99,js,5e65eb0e,charleszzhyy,2025-10-24,21:03:41,-07:00,2025-10-24T21:03:41-07:00,0,1
global.js,100,js,5e65eb0e,charleszzhyy,2025-10-24,21:03:41,-07:00,2025-10-24T21:03:41-07:00,0,0
global.js,101,js,5e65eb0e,charleszzhyy,2025-10-24,21:03:41,-07:00,2025-10-24T21:03:41-07:00,0,0
global.js,102,js,5e65eb0e,charleszzhyy,2025-10-24,21:03:41,-07:00,2025-10-24T21:03:41-07:00,0,0
global.js,103,js,5e65eb0e,charleszzhyy,2025-10-24,21:03:41,-07:00,2025-10-24T21:03:41-07:00,0,0
global.js,104,js,5e65eb0e,charleszzhyy,2025-10-24,21:03:41,-07:00,2025-10-24T21:03:41-07:00,0,36
global.js,105,js,5e65eb0e,charleszzhyy,2025-10-24,21:03:41,-07:00,2025-10-24T21:03:41-07:00,1,3
global.js,106,js,5e65eb0e,charleszzhyy,2025-10-24,21:03:41,-07:00,2025-10-24T21:03:41-07:00,2,32
global.js,107,js,5e65eb0e,charleszzhyy,2025-10-24,21:03:41,-07:00,2025-10-24T21:03:41-07:00,0,0
global.js,108,js,5e65eb0e,charleszzhyy,2025-10-24,21:03:41,-07:00,2025-10-24T21:03:41-07:00,1,0
global.js,109,js,5e65eb0e,charleszzhyy,2025-10-24,21:03:41,-07:00,2025-10-24T21:03:41-07:00,2,17
global.js,110,js,5e65eb0e,charleszzhyy,2025-10-24,21:03:41,-07:00,2025-10-24T21:03:41-07:00,3,66
global.js,111,js,5e65eb0e,charleszzhyy,2025-10-24,21:03:41,-07:00,2025-10-24T21:03:41-07:00,2,0
global.js,112,js,5e65eb0e,charleszzhyy,2025-10-24,21:03:41,-07:00,2025-10-24T21:03:41-07:00,0,0
global.js,113,js,5e65eb0e,charleszzhyy,2025-10-24,21:03:41,-07:00,2025-10-24T21:03:41-07:00,2,33
global.js,114,js,5e65eb0e,charleszzhyy,2025-10-24,21:03:41,-07:00,2025-10-24T21:03:41-07:00,2,10
global.js,115,js,5e65eb0e,charleszzhyy,2025-10-24,21:03:41,-07:00,2025-10-24T21:03:41-07:00,1,15
global.js,116,js,5e65eb0e,charleszzhyy,2025-10-24,21:03:41,-07:00,2025-10-24T21:03:41-07:00,2,59
global.js,117,js,5e65eb0e,charleszzhyy,2025-10-24,21:03:41,-07:00,2025-10-24T21:03:41-07:00,2,8
global.js,118,js,5e65eb0e,charleszzhyy,2025-10-24,21:03:41,-07:00,2025-10-24T21:03:41-07:00,1,0
global.js,119,js,5e65eb0e,charleszzhyy,2025-10-24,21:03:41,-07:00,2025-10-24T21:03:41-07:00,0,0
global.js,120,js,5e65eb0e,charleszzhyy,2025-10-24,21:03:41,-07:00,2025-10-24T21:03:41-07:00,0,0
global.js,121,js,5e65eb0e,charleszzhyy,2025-10-24,21:03:41,-07:00,2025-10-24T21:03:41-07:00,0,0
global.js,122,js,5e65eb0e,charleszzhyy,2025-10-24,21:03:41,-07:00,2025-10-24T21:03:41-07:00,0,84
global.js,123,js,5e65eb0e,charleszzhyy,2025-10-24,21:03:41,-07:00,2025-10-24T21:03:41-07:00,1,22
global.js,124,js,5e65eb0e,charleszzhyy,2025-10-24,21:03:41,-07:00,2025-10-24T21:03:41-07:00,2,70
global.js,125,js,5e65eb0e,charleszzhyy,2025-10-24,21:03:41,-07:00,2025-10-24T21:03:41-07:00,2,5
global.js,126,js,5e65eb0e,charleszzhyy,2025-10-24,21:03:41,-07:00,2025-10-24T21:03:41-07:00,1,0
global.js,127,js,5e65eb0e,charleszzhyy,2025-10-24,21:03:41,-07:00,2025-10-24T21:03:41-07:00,0,0
global.js,128,js,5e65eb0e,charleszzhyy,2025-10-24,21:03:41,-07:00,2025-10-24T21:03:41-07:00,1,0
global.js,129,js,5e65eb0e,charleszzhyy,2025-10-24,21:03:41,-07:00,2025-10-24T21:03:41-07:00,1,30
global.js,130,js,5e65eb0e,charleszzhyy,2025-10-24,21:03:41,-07:00,2025-10-24T21:03:41-07:00,0,0
global.js,131,js,5e65eb0e,charleszzhyy,2025-10-24,21:03:41,-07:00,2025-10-24T21:03:41-07:00,1,0
global.js,132,js,5e65eb0e,charleszzhyy,2025-10-24,21:03:41,-07:00,2025-10-24T21:03:41-07:00,1,64
global.js,133,js,5e65eb0e,charleszzhyy,2025-10-24,21:03:41,-07:00,2025-10-24T21:03:41-07:00,2,43
global.js,134,js,5e65eb0e,charleszzhyy,2025-10-24,21:03:41,-07:00,2025-10-24T21:03:41-07:00,2,51
global.js,135,js,5e65eb0e,charleszzhyy,2025-10-24,21:03:41,-07:00,2025-10-24T21:03:41-07:00,2,37
global.js,136,js,5e65eb0e,charleszzhyy,2025-10-24,21:03:41,-07:00,2025-10-24T21:03:41-07:00,2,5
global.js,137,js,5e65eb0e,charleszzhyy,2025-10-24,21:03:41,-07:00,2025-10-24T21:03:41-07:00,1,0
global.js,138,js,5e65eb0e,charleszzhyy,2025-10-24,21:03:41,-07:00,2025-10-24T21:03:41-07:00,0,0
global.js,139,js,5e65eb0e,charleszzhyy,2025-10-24,21:03:41,-07:00,2025-10-24T21:03:41-07:00,0,0
global.js,140,js,5e65eb0e,charleszzhyy,2025-10-24,21:03:41,-07:00,2025-10-24T21:03:41-07:00,1,52
global.js,141,js,5e65eb0e,charleszzhyy,2025-10-24,21:03:41,-07:00,2025-10-24T21:03:41-07:00,1,77
global.js,142,js,5e65eb0e,charleszzhyy,2025-10-24,21:03:41,-07:00,2025-10-24T21:03:41-07:00,0,0
global.js,143,js,5e65eb0e,charleszzhyy,2025-10-24,21:03:41,-07:00,2025-10-24T21:03:41-07:00,1,0
global.js,144,js,5e65eb0e,charleszzhyy,2025-10-24,21:03:41,-07:00,2025-10-24T21:03:41-07:00,1,34
global.js,145,js,5e65eb0e,charleszzhyy,2025-10-24,21:03:41,-07:00,2025-10-24T21:03:41-07:00,2,48
global.js,146,js,5e65eb0e,charleszzhyy,2025-10-24,21:03:41,-07:00,2025-10-24T21:03:41-07:00,0,0
global.js,147,js,5e65eb0e,charleszzhyy,2025-10-24,21:03:41,-07:00,2025-10-24T21:03:41-07:00,2,0
global.js,148,js,5e65eb0e,charleszzhyy,2025-10-24,21:03:41,-07:00,2025-10-24T21:03:41-07:00,2,52
global.js,149,js,5e65eb0e,charleszzhyy,2025-10-24,21:03:41,-07:00,2025-10-24T21:03:41-07:00,2,82
global.js,150,js,5e65eb0e,charleszzhyy,2025-10-24,21:03:41,-07:00,2025-10-24T21:03:41-07:00,2,60
global.js,151,js,5e65eb0e,charleszzhyy,2025-10-24,21:03:41,-07:00,2025-10-24T21:03:41-07:00,0,0
global.js,152,js,5e65eb0e,charleszzhyy,2025-10-24,21:03:41,-07:00,2025-10-24T21:03:41-07:00,2,19
global.js,153,js,5e65eb0e,charleszzhyy,2025-10-24,21:03:41,-07:00,2025-10-24T21:03:41-07:00,3,43
global.js,154,js,5e65eb0e,charleszzhyy,2025-10-24,21:03:41,-07:00,2025-10-24T21:03:41-07:00,3,38
global.js,155,js,5e65eb0e,charleszzhyy,2025-10-24,21:03:41,-07:00,2025-10-24T21:03:41-07:00,3,16
global.js,156,js,5e65eb0e,charleszzhyy,2025-10-24,21:03:41,-07:00,2025-10-24T21:03:41-07:00,2,0
global.js,157,js,5e65eb0e,charleszzhyy,2025-10-24,21:03:41,-07:00,2025-10-24T21:03:41-07:00,0,0
global.js,158,js,5e65eb0e,charleszzhyy,2025-10-24,21:03:41,-07:00,2025-10-24T21:03:41-07:00,2,36
global.js,159,js,5e65eb0e,charleszzhyy,2025-10-24,21:03:41,-07:00,2025-10-24T21:03:41-07:00,1,1
global.js,160,js,5e65eb0e,charleszzhyy,2025-10-24,21:03:41,-07:00,2025-10-24T21:03:41-07:00,0,0
global.js,161,js,5e65eb0e,charleszzhyy,2025-10-24,21:03:41,-07:00,2025-10-24T21:03:41-07:00,0,0
global.js,162,js,5e65eb0e,charleszzhyy,2025-10-24,21:03:41,-07:00,2025-10-24T21:03:41-07:00,0,47
global.js,163,js,5e65eb0e,charleszzhyy,2025-10-24,21:03:41,-07:00,2025-10-24T21:03:41-07:00,1,0
global.js,164,js,5e65eb0e,charleszzhyy,2025-10-24,21:03:41,-07:00,2025-10-24T21:03:41-07:00,1,59
global.js,165,js,5e65eb0e,charleszzhyy,2025-10-24,21:03:41,-07:00,2025-10-24T21:03:41-07:00,0,0
resume\index.html,1,html,6bae04ec,charleszzhyy,2025-10-03,22:10:01,-07:00,2025-10-03T22:10:01-07:00,0,13
resume\index.html,2,html,6bae04ec,charleszzhyy,2025-10-03,22:10:01,-07:00,2025-10-03T22:10:01-07:00,0,14
resume\index.html,3,html,6bae04ec,charleszzhyy,2025-10-03,22:10:01,-07:00,2025-10-03T22:10:01-07:00,0,4
resume\index.html,4,html,6bae04ec,charleszzhyy,2025-10-03,22:10:01,-07:00,2025-10-03T22:10:01-07:00,1,20
resume\index.html,5,html,6bae04ec,charleszzhyy,2025-10-03,22:10:01,-07:00,2025-10-03T22:10:01-07:00,1,68
resume\index.html,6,html,6bae04ec,charleszzhyy,2025-10-03,22:10:01,-07:00,2025-10-03T22:10:01-07:00,1,35
resume\index.html,7,html,6bae04ec,charleszzhyy,2025-10-03,22:10:01,-07:00,2025-10-03T22:10:01-07:00,1,41
resume\index.html,8,html,55350355,charleszzhyy,2025-10-17,18:57:57,-07:00,2025-10-17T18:57:57-07:00,1,165
resume\index.html,9,html,6bae04ec,charleszzhyy,2025-10-03,22:10:01,-07:00,2025-10-03T22:10:01-07:00,0,5
resume\index.html,10,html,6bae04ec,charleszzhyy,2025-10-03,22:10:01,-07:00,2025-10-03T22:10:01-07:00,0,4
resume\index.html,11,html,eaa77ca7,charleszzhyy,2025-10-17,18:37:05,-07:00,2025-10-17T18:37:05-07:00,1,0
resume\index.html,12,html,6bae04ec,charleszzhyy,2025-10-03,22:10:01,-07:00,2025-10-03T22:10:01-07:00,0,0
resume\index.html,13,html,078ed257,charleszzhyy,2025-10-17,18:23:11,-07:00,2025-10-17T18:23:11-07:00,1,48
resume\index.html,14,html,078ed257,charleszzhyy,2025-10-17,18:23:11,-07:00,2025-10-17T18:23:11-07:00,0,0
resume\index.html,15,html,6bae04ec,charleszzhyy,2025-10-03,22:10:01,-07:00,2025-10-03T22:10:01-07:00,1,29
resume\index.html,16,html,6bae04ec,charleszzhyy,2025-10-03,22:10:01,-07:00,2025-10-03T22:10:01-07:00,0,0
resume\index.html,17,html,6bae04ec,charleszzhyy,2025-10-03,22:10:01,-07:00,2025-10-03T22:10:01-07:00,1,20
resume\index.html,18,html,6bae04ec,charleszzhyy,2025-10-03,22:10:01,-07:00,2025-10-03T22:10:01-07:00,1,7
resume\index.html,19,html,6bae04ec,charleszzhyy,2025-10-03,22:10:01,-07:00,2025-10-03T22:10:01-07:00,2,6
resume\index.html,20,html,6bae04ec,charleszzhyy,2025-10-03,22:10:01,-07:00,2025-10-03T22:10:01-07:00,3,15
resume\index.html,21,html,6bae04ec,charleszzhyy,2025-10-03,22:10:01,-07:00,2025-10-03T22:10:01-07:00,2,7
resume\index.html,22,html,b804a9cc,charleszzhyy,2025-10-03,22:11:57,-07:00,2025-10-03T22:11:57-07:00,2,62
resume\index.html,23,html,6bae04ec,charleszzhyy,2025-10-03,22:10:01,-07:00,2025-10-03T22:10:01-07:00,1,8
resume\index.html,24,html,6bae04ec,charleszzhyy,2025-10-03,22:10:01,-07:00,2025-10-03T22:10:01-07:00,0,0
resume\index.html,25,html,6bae04ec,charleszzhyy,2025-10-03,22:10:01,-07:00,2025-10-03T22:10:01-07:00,1,24
resume\index.html,26,html,6bae04ec,charleszzhyy,2025-10-03,22:10:01,-07:00,2025-10-03T22:10:01-07:00,1,7
resume\index.html,27,html,6bae04ec,charleszzhyy,2025-10-03,22:10:01,-07:00,2025-10-03T22:10:01-07:00,2,6
resume\index.html,28,html,6bae04ec,charleszzhyy,2025-10-03,22:10:01,-07:00,2025-10-03T22:10:01-07:00,3,16
resume\index.html,29,html,6bae04ec,charleszzhyy,2025-10-03,22:10:01,-07:00,2025-10-03T22:10:01-07:00,2,7
resume\index.html,30,html,6bae04ec,charleszzhyy,2025-10-03,22:10:01,-07:00,2025-10-03T22:10:01-07:00,2,7
resume\index.html,31,html,b804a9cc,charleszzhyy,2025-10-03,22:11:57,-07:00,2025-10-03T22:11:57-07:00,3,41
resume\index.html,32,html,6bae04ec,charleszzhyy,2025-10-03,22:10:01,-07:00,2025-10-03T22:10:01-07:00,3,36
resume\index.html,33,html,6bae04ec,charleszzhyy,2025-10-03,22:10:01,-07:00,2025-10-03T22:10:01-07:00,3,83
resume\index.html,34,html,6bae04ec,charleszzhyy,2025-10-03,22:10:01,-07:00,2025-10-03T22:10:01-07:00,2,8
resume\index.html,35,html,6bae04ec,charleszzhyy,2025-10-03,22:10:01,-07:00,2025-10-03T22:10:01-07:00,1,8
resume\index.html,36,html,6bae04ec,charleszzhyy,2025-10-03,22:10:01,-07:00,2025-10-03T22:10:01-07:00,0,0
resume\index.html,37,html,6bae04ec,charleszzhyy,2025-10-03,22:10:01,-07:00,2025-10-03T22:10:01-07:00,1,25
resume\index.html,38,html,6bae04ec,charleszzhyy,2025-10-03,22:10:01,-07:00,2025-10-03T22:10:01-07:00,1,7
resume\index.html,39,html,6bae04ec,charleszzhyy,2025-10-03,22:10:01,-07:00,2025-10-03T22:10:01-07:00,2,6
resume\index.html,40,html,6bae04ec,charleszzhyy,2025-10-03,22:10:01,-07:00,2025-10-03T22:10:01-07:00,3,17
resume\index.html,41,html,6bae04ec,charleszzhyy,2025-10-03,22:10:01,-07:00,2025-10-03T22:10:01-07:00,2,7
resume\index.html,42,html,6bae04ec,charleszzhyy,2025-10-03,22:10:01,-07:00,2025-10-03T22:10:01-07:00,2,7
resume\index.html,43,html,b804a9cc,charleszzhyy,2025-10-03,22:11:57,-07:00,2025-10-03T22:11:57-07:00,3,40
resume\index.html,44,html,6bae04ec,charleszzhyy,2025-10-03,22:10:01,-07:00,2025-10-03T22:10:01-07:00,3,83
resume\index.html,45,html,6bae04ec,charleszzhyy,2025-10-03,22:10:01,-07:00,2025-10-03T22:10:01-07:00,3,2
resume\index.html,46,html,b804a9cc,charleszzhyy,2025-10-03,22:11:57,-07:00,2025-10-03T22:11:57-07:00,4,51
resume\index.html,47,html,6bae04ec,charleszzhyy,2025-10-03,22:10:01,-07:00,2025-10-03T22:10:01-07:00,3,3
resume\index.html,48,html,6bae04ec,charleszzhyy,2025-10-03,22:10:01,-07:00,2025-10-03T22:10:01-07:00,2,8
resume\index.html,49,html,6bae04ec,charleszzhyy,2025-10-03,22:10:01,-07:00,2025-10-03T22:10:01-07:00,1,8
resume\index.html,50,html,6bae04ec,charleszzhyy,2025-10-03,22:10:01,-07:00,2025-10-03T22:10:01-07:00,0,0
resume\index.html,51,html,6bae04ec,charleszzhyy,2025-10-03,22:10:01,-07:00,2025-10-03T22:10:01-07:00,1,21
resume\index.html,52,html,6bae04ec,charleszzhyy,2025-10-03,22:10:01,-07:00,2025-10-03T22:10:01-07:00,1,7
resume\index.html,53,html,6bae04ec,charleszzhyy,2025-10-03,22:10:01,-07:00,2025-10-03T22:10:01-07:00,2,6
resume\index.html,54,html,6bae04ec,charleszzhyy,2025-10-03,22:10:01,-07:00,2025-10-03T22:10:01-07:00,3,13
resume\index.html,55,html,6bae04ec,charleszzhyy,2025-10-03,22:10:01,-07:00,2025-10-03T22:10:01-07:00,2,7
resume\index.html,56,html,6bae04ec,charleszzhyy,2025-10-03,22:10:01,-07:00,2025-10-03T22:10:01-07:00,2,2
resume\index.html,57,html,6bae04ec,charleszzhyy,2025-10-03,22:10:01,-07:00,2025-10-03T22:10:01-07:00,3,38
resume\index.html,58,html,6bae04ec,charleszzhyy,2025-10-03,22:10:01,-07:00,2025-10-03T22:10:01-07:00,3,21
resume\index.html,59,html,6bae04ec,charleszzhyy,2025-10-03,22:10:01,-07:00,2025-10-03T22:10:01-07:00,3,55
resume\index.html,60,html,6bae04ec,charleszzhyy,2025-10-03,22:10:01,-07:00,2025-10-03T22:10:01-07:00,2,3
resume\index.html,61,html,6bae04ec,charleszzhyy,2025-10-03,22:10:01,-07:00,2025-10-03T22:10:01-07:00,1,8
resume\index.html,62,html,6bae04ec,charleszzhyy,2025-10-03,22:10:01,-07:00,2025-10-03T22:10:01-07:00,0,0
resume\index.html,63,html,6bae04ec,charleszzhyy,2025-10-03,22:10:01,-07:00,2025-10-03T22:10:01-07:00,1,19
resume\index.html,64,html,6bae04ec,charleszzhyy,2025-10-03,22:10:01,-07:00,2025-10-03T22:10:01-07:00,1,7
resume\index.html,65,html,6bae04ec,charleszzhyy,2025-10-03,22:10:01,-07:00,2025-10-03T22:10:01-07:00,2,6
resume\index.html,66,html,6bae04ec,charleszzhyy,2025-10-03,22:10:01,-07:00,2025-10-03T22:10:01-07:00,3,14
resume\index.html,67,html,6bae04ec,charleszzhyy,2025-10-03,22:10:01,-07:00,2025-10-03T22:10:01-07:00,2,7
resume\index.html,68,html,6bae04ec,charleszzhyy,2025-10-03,22:10:01,-07:00,2025-10-03T22:10:01-07:00,2,72
resume\index.html,69,html,6bae04ec,charleszzhyy,2025-10-03,22:10:01,-07:00,2025-10-03T22:10:01-07:00,1,8
resume\index.html,70,html,6bae04ec,charleszzhyy,2025-10-03,22:10:01,-07:00,2025-10-03T22:10:01-07:00,0,5
resume\index.html,71,html,6bae04ec,charleszzhyy,2025-10-03,22:10:01,-07:00,2025-10-03T22:10:01-07:00,0,5
projects\projects.js,1,js,439cdddc,charleszzhyy,2025-10-31,21:46:23,-07:00,2025-10-31T21:46:23-07:00,0,55
projects\projects.js,2,js,efc057c4,charleszzhyy,2025-10-31,21:26:30,-07:00,2025-10-31T21:26:30-07:00,0,63
projects\projects.js,3,js,efc057c4,charleszzhyy,2025-10-31,21:26:30,-07:00,2025-10-31T21:26:30-07:00,0,0
projects\projects.js,4,js,439cdddc,charleszzhyy,2025-10-31,21:46:23,-07:00,2025-10-31T21:46:23-07:00,0,19
projects\projects.js,5,js,439cdddc,charleszzhyy,2025-10-31,21:46:23,-07:00,2025-10-31T21:46:23-07:00,0,19
projects\projects.js,6,js,439cdddc,charleszzhyy,2025-10-31,21:46:23,-07:00,2025-10-31T21:46:23-07:00,0,21
projects\projects.js,7,js,439cdddc,charleszzhyy,2025-10-31,21:46:23,-07:00,2025-10-31T21:46:23-07:00,0,33
projects\projects.js,8,js,5e65eb0e,charleszzhyy,2025-10-24,21:03:41,-07:00,2025-10-24T21:03:41-07:00,0,0
projects\projects.js,9,js,5e65eb0e,charleszzhyy,2025-10-24,21:03:41,-07:00,2025-10-24T21:03:41-07:00,0,33
projects\projects.js,10,js,439cdddc,charleszzhyy,2025-10-31,21:46:23,-07:00,2025-10-31T21:46:23-07:00,1,52
projects\projects.js,11,js,efc057c4,charleszzhyy,2025-10-31,21:26:30,-07:00,2025-10-31T21:26:30-07:00,1,17
projects\projects.js,12,js,efc057c4,charleszzhyy,2025-10-31,21:26:30,-07:00,2025-10-31T21:26:30-07:00,1,55
projects\projects.js,13,js,efc057c4,charleszzhyy,2025-10-31,21:26:30,-07:00,2025-10-31T21:26:30-07:00,1,16
projects\projects.js,14,js,efc057c4,charleszzhyy,2025-10-31,21:26:30,-07:00,2025-10-31T21:26:30-07:00,2,48
projects\projects.js,15,js,efc057c4,charleszzhyy,2025-10-31,21:26:30,-07:00,2025-10-31T21:26:30-07:00,3,37
projects\projects.js,16,js,efc057c4,charleszzhyy,2025-10-31,21:26:30,-07:00,2025-10-31T21:26:30-07:00,3,17
projects\projects.js,17,js,efc057c4,charleszzhyy,2025-10-31,21:26:30,-07:00,2025-10-31T21:26:30-07:00,2,1
projects\projects.js,18,js,efc057c4,charleszzhyy,2025-10-31,21:26:30,-07:00,2025-10-31T21:26:30-07:00,1,0
projects\projects.js,19,js,efc057c4,charleszzhyy,2025-10-31,21:26:30,-07:00,2025-10-31T21:26:30-07:00,0,0
projects\projects.js,20,js,439cdddc,charleszzhyy,2025-10-31,21:46:23,-07:00,2025-10-31T21:46:23-07:00,0,0
projects\projects.js,21,js,efc057c4,charleszzhyy,2025-10-31,21:26:30,-07:00,2025-10-31T21:26:30-07:00,0,27
projects\projects.js,22,js,efc057c4,charleszzhyy,2025-10-31,21:26:30,-07:00,2025-10-31T21:26:30-07:00,1,23
projects\projects.js,23,js,efc057c4,charleszzhyy,2025-10-31,21:26:30,-07:00,2025-10-31T21:26:30-07:00,2,41
projects\projects.js,24,js,efc057c4,charleszzhyy,2025-10-31,21:26:30,-07:00,2025-10-31T21:26:30-07:00,2,34
projects\projects.js,25,js,5e65eb0e,charleszzhyy,2025-10-24,21:03:41,-07:00,2025-10-24T21:03:41-07:00,1,56
projects\projects.js,26,js,efc057c4,charleszzhyy,2025-10-31,21:26:30,-07:00,2025-10-31T21:26:30-07:00,0,0
projects\projects.js,27,js,439cdddc,charleszzhyy,2025-10-31,21:46:23,-07:00,2025-10-31T21:46:23-07:00,1,60
projects\projects.js,28,js,439cdddc,charleszzhyy,2025-10-31,21:46:23,-07:00,2025-10-31T21:46:23-07:00,0,0
projects\projects.js,29,js,439cdddc,charleszzhyy,2025-10-31,21:46:23,-07:00,2025-10-31T21:46:23-07:00,1,30
projects\projects.js,30,js,439cdddc,charleszzhyy,2025-10-31,21:46:23,-07:00,2025-10-31T21:46:23-07:00,1,2
projects\projects.js,31,js,439cdddc,charleszzhyy,2025-10-31,21:46:23,-07:00,2025-10-31T21:46:23-07:00,2,21
projects\projects.js,32,js,439cdddc,charleszzhyy,2025-10-31,21:46:23,-07:00,2025-10-31T21:46:23-07:00,2,52
projects\projects.js,33,js,439cdddc,charleszzhyy,2025-10-31,21:46:23,-07:00,2025-10-31T21:46:23-07:00,1,1
projects\projects.js,34,js,439cdddc,charleszzhyy,2025-10-31,21:46:23,-07:00,2025-10-31T21:46:23-07:00,2,58
projects\projects.js,35,js,439cdddc,charleszzhyy,2025-10-31,21:46:23,-07:00,2025-10-31T21:46:23-07:00,2,33
projects\projects.js,36,js,439cdddc,charleszzhyy,2025-10-31,21:46:23,-07:00,2025-10-31T21:46:23-07:00,3,42
projects\projects.js,37,js,439cdddc,charleszzhyy,2025-10-31,21:46:23,-07:00,2025-10-31T21:46:23-07:00,2,0
projects\projects.js,38,js,439cdddc,charleszzhyy,2025-10-31,21:46:23,-07:00,2025-10-31T21:46:23-07:00,2,16
projects\projects.js,39,js,439cdddc,charleszzhyy,2025-10-31,21:46:23,-07:00,2025-10-31T21:46:23-07:00,1,0
projects\projects.js,40,js,efc057c4,charleszzhyy,2025-10-31,21:26:30,-07:00,2025-10-31T21:26:30-07:00,0,0
projects\projects.js,41,js,5e65eb0e,charleszzhyy,2025-10-24,21:03:41,-07:00,2025-10-24T21:03:41-07:00,1,12
projects\projects.js,42,js,439cdddc,charleszzhyy,2025-10-31,21:46:23,-07:00,2025-10-31T21:46:23-07:00,2,39
projects\projects.js,43,js,439cdddc,charleszzhyy,2025-10-31,21:46:23,-07:00,2025-10-31T21:46:23-07:00,3,19
projects\projects.js,44,js,efc057c4,charleszzhyy,2025-10-31,21:26:30,-07:00,2025-10-31T21:26:30-07:00,3,2
projects\projects.js,45,js,5e65eb0e,charleszzhyy,2025-10-24,21:03:41,-07:00,2025-10-24T21:03:41-07:00,2,40
projects\projects.js,46,js,5e65eb0e,charleszzhyy,2025-10-24,21:03:41,-07:00,2025-10-24T21:03:41-07:00,1,0
projects\projects.js,47,js,efc057c4,charleszzhyy,2025-10-31,21:26:30,-07:00,2025-10-31T21:26:30-07:00,0,0
projects\projects.js,48,js,439cdddc,charleszzhyy,2025-10-31,21:46:23,-07:00,2025-10-31T21:46:23-07:00,1,52
projects\projects.js,49,js,439cdddc,charleszzhyy,2025-10-31,21:46:23,-07:00,2025-10-31T21:46:23-07:00,1,31
projects\projects.js,50,js,efc057c4,charleszzhyy,2025-10-31,21:26:30,-07:00,2025-10-31T21:26:30-07:00,0,0
projects\projects.js,51,js,efc057c4,charleszzhyy,2025-10-31,21:26:30,-07:00,2025-10-31T21:26:30-07:00,0,0
projects\projects.js,52,js,efc057c4,charleszzhyy,2025-10-31,21:26:30,-07:00,2025-10-31T21:26:30-07:00,0,47
projects\projects.js,53,js,efc057c4,charleszzhyy,2025-10-31,21:26:30,-07:00,2025-10-31T21:26:30-07:00,1,33
projects\projects.js,54,js,efc057c4,charleszzhyy,2025-10-31,21:26:30,-07:00,2025-10-31T21:26:30-07:00,1,31
projects\projects.js,55,js,efc057c4,charleszzhyy,2025-10-31,21:26:30,-07:00,2025-10-31T21:26:30-07:00,1,39
projects\projects.js,56,js,efc057c4,charleszzhyy,2025-10-31,21:26:30,-07:00,2025-10-31T21:26:30-07:00,2,41
projects\projects.js,57,js,efc057c4,charleszzhyy,2025-10-31,21:26:30,-07:00,2025-10-31T21:26:30-07:00,3,9
projects\projects.js,58,js,efc057c4,charleszzhyy,2025-10-31,21:26:30,-07:00,2025-10-31T21:26:30-07:00,3,13
projects\projects.js,59,js,efc057c4,charleszzhyy,2025-10-31,21:26:30,-07:00,2025-10-31T21:26:30-07:00,2,30
projects\projects.js,60,js,efc057c4,charleszzhyy,2025-10-31,21:26:30,-07:00,2025-10-31T21:26:30-07:00,1,1
projects\projects.js,61,js,efc057c4,charleszzhyy,2025-10-31,21:26:30,-07:00,2025-10-31T21:26:30-07:00,0,0
projects\projects.js,62,js,efc057c4,charleszzhyy,2025-10-31,21:26:30,-07:00,2025-10-31T21:26:30-07:00,0,0
projects\projects.js,63,js,efc057c4,charleszzhyy,2025-10-31,21:26:30,-07:00,2025-10-31T21:26:30-07:00,0,48
projects\projects.js,64,js,efc057c4,charleszzhyy,2025-10-31,21:26:30,-07:00,2025-10-31T21:26:30-07:00,1,24
projects\projects.js,65,js,efc057c4,charleszzhyy,2025-10-31,21:26:30,-07:00,2025-10-31T21:26:30-07:00,2,12
projects\projects.js,66,js,efc057c4,charleszzhyy,2025-10-31,21:26:30,-07:00,2025-10-31T21:26:30-07:00,2,14
projects\projects.js,67,js,efc057c4,charleszzhyy,2025-10-31,21:26:30,-07:00,2025-10-31T21:26:30-07:00,2,24
projects\projects.js,68,js,efc057c4,charleszzhyy,2025-10-31,21:26:30,-07:00,2025-10-31T21:26:30-07:00,1,0
projects\projects.js,69,js,efc057c4,charleszzhyy,2025-10-31,21:26:30,-07:00,2025-10-31T21:26:30-07:00,1,46
projects\projects.js,70,js,efc057c4,charleszzhyy,2025-10-31,21:26:30,-07:00,2025-10-31T21:26:30-07:00,2,10
projects\projects.js,71,js,efc057c4,charleszzhyy,2025-10-31,21:26:30,-07:00,2025-10-31T21:26:30-07:00,2,11
projects\projects.js,72,js,efc057c4,charleszzhyy,2025-10-31,21:26:30,-07:00,2025-10-31T21:26:30-07:00,1,2
projects\projects.js,73,js,efc057c4,charleszzhyy,2025-10-31,21:26:30,-07:00,2025-10-31T21:26:30-07:00,1,54
projects\projects.js,74,js,efc057c4,charleszzhyy,2025-10-31,21:26:30,-07:00,2025-10-31T21:26:30-07:00,1,13
projects\projects.js,75,js,efc057c4,charleszzhyy,2025-10-31,21:26:30,-07:00,2025-10-31T21:26:30-07:00,0,0
projects\projects.js,76,js,efc057c4,charleszzhyy,2025-10-31,21:26:30,-07:00,2025-10-31T21:26:30-07:00,0,0
projects\projects.js,77,js,efc057c4,charleszzhyy,2025-10-31,21:26:30,-07:00,2025-10-31T21:26:30-07:00,0,44
projects\projects.js,78,js,efc057c4,charleszzhyy,2025-10-31,21:26:30,-07:00,2025-10-31T21:26:30-07:00,1,56
projects\projects.js,79,js,efc057c4,charleszzhyy,2025-10-31,21:26:30,-07:00,2025-10-31T21:26:30-07:00,1,18
projects\projects.js,80,js,efc057c4,charleszzhyy,2025-10-31,21:26:30,-07:00,2025-10-31T21:26:30-07:00,1,20
projects\projects.js,81,js,efc057c4,charleszzhyy,2025-10-31,21:26:30,-07:00,2025-10-31T21:26:30-07:00,1,19
projects\projects.js,82,js,efc057c4,charleszzhyy,2025-10-31,21:26:30,-07:00,2025-10-31T21:26:30-07:00,1,21
projects\projects.js,83,js,efc057c4,charleszzhyy,2025-10-31,21:26:30,-07:00,2025-10-31T21:26:30-07:00,1,23
projects\projects.js,84,js,efc057c4,charleszzhyy,2025-10-31,21:26:30,-07:00,2025-10-31T21:26:30-07:00,0,0
projects\projects.js,85,js,efc057c4,charleszzhyy,2025-10-31,21:26:30,-07:00,2025-10-31T21:26:30-07:00,0,0
projects\projects.js,86,js,efc057c4,charleszzhyy,2025-10-31,21:26:30,-07:00,2025-10-31T21:26:30-07:00,0,28
projects\projects.js,87,js,efc057c4,charleszzhyy,2025-10-31,21:26:30,-07:00,2025-10-31T21:26:30-07:00,1,42
projects\projects.js,88,js,efc057c4,charleszzhyy,2025-10-31,21:26:30,-07:00,2025-10-31T21:26:30-07:00,1,29
projects\projects.js,89,js,efc057c4,charleszzhyy,2025-10-31,21:26:30,-07:00,2025-10-31T21:26:30-07:00,1,34
projects\projects.js,90,js,efc057c4,charleszzhyy,2025-10-31,21:26:30,-07:00,2025-10-31T21:26:30-07:00,1,30
projects\projects.js,91,js,efc057c4,charleszzhyy,2025-10-31,21:26:30,-07:00,2025-10-31T21:26:30-07:00,0,0
projects\projects.js,92,js,efc057c4,charleszzhyy,2025-10-31,21:26:30,-07:00,2025-10-31T21:26:30-07:00,0,0
projects\projects.js,93,js,efc057c4,charleszzhyy,2025-10-31,21:26:30,-07:00,2025-10-31T21:26:30-07:00,0,30
projects\projects.js,94,js,efc057c4,charleszzhyy,2025-10-31,21:26:30,-07:00,2025-10-31T21:26:30-07:00,1,42
projects\projects.js,95,js,439cdddc,charleszzhyy,2025-10-31,21:46:23,-07:00,2025-10-31T21:46:23-07:00,1,22
projects\projects.js,96,js,efc057c4,charleszzhyy,2025-10-31,21:26:30,-07:00,2025-10-31T21:26:30-07:00,1,49
projects\projects.js,97,js,efc057c4,charleszzhyy,2025-10-31,21:26:30,-07:00,2025-10-31T21:26:30-07:00,1,52
projects\projects.js,98,js,efc057c4,charleszzhyy,2025-10-31,21:26:30,-07:00,2025-10-31T21:26:30-07:00,1,38
projects\projects.js,99,js,439cdddc,charleszzhyy,2025-10-31,21:46:23,-07:00,2025-10-31T21:46:23-07:00,1,59
projects\projects.js,100,js,efc057c4,charleszzhyy,2025-10-31,21:26:30,-07:00,2025-10-31T21:26:30-07:00,0,0
projects\projects.js,101,js,efc057c4,charleszzhyy,2025-10-31,21:26:30,-07:00,2025-10-31T21:26:30-07:00,1,1
projects\projects.js,102,js,efc057c4,charleszzhyy,2025-10-31,21:26:30,-07:00,2025-10-31T21:26:30-07:00,2,16
projects\projects.js,103,js,efc057c4,charleszzhyy,2025-10-31,21:26:30,-07:00,2025-10-31T21:26:30-07:00,2,12
projects\projects.js,104,js,efc057c4,charleszzhyy,2025-10-31,21:26:30,-07:00,2025-10-31T21:26:30-07:00,2,11
projects\projects.js,105,js,efc057c4,charleszzhyy,2025-10-31,21:26:30,-07:00,2025-10-31T21:26:30-07:00,2,22
projects\projects.js,106,js,efc057c4,charleszzhyy,2025-10-31,21:26:30,-07:00,2025-10-31T21:26:30-07:00,2,32
projects\projects.js,107,js,efc057c4,charleszzhyy,2025-10-31,21:26:30,-07:00,2025-10-31T21:26:30-07:00,2,22
projects\projects.js,108,js,efc057c4,charleszzhyy,2025-10-31,21:26:30,-07:00,2025-10-31T21:26:30-07:00,2,24
projects\projects.js,109,js,efc057c4,charleszzhyy,2025-10-31,21:26:30,-07:00,2025-10-31T21:26:30-07:00,2,28
projects\projects.js,110,js,efc057c4,charleszzhyy,2025-10-31,21:26:30,-07:00,2025-10-31T21:26:30-07:00,2,47
projects\projects.js,111,js,efc057c4,charleszzhyy,2025-10-31,21:26:30,-07:00,2025-10-31T21:26:30-07:00,0,0
projects\projects.js,112,js,efc057c4,charleszzhyy,2025-10-31,21:26:30,-07:00,2025-10-31T21:26:30-07:00,0,0
projects\projects.js,113,js,efc057c4,charleszzhyy,2025-10-31,21:26:30,-07:00,2025-10-31T21:26:30-07:00,0,29
projects\projects.js,114,js,efc057c4,charleszzhyy,2025-10-31,21:26:30,-07:00,2025-10-31T21:26:30-07:00,1,34
projects\projects.js,115,js,439cdddc,charleszzhyy,2025-10-31,21:46:23,-07:00,2025-10-31T21:46:23-07:00,1,25
projects\projects.js,116,js,efc057c4,charleszzhyy,2025-10-31,21:26:30,-07:00,2025-10-31T21:26:30-07:00,1,49
projects\projects.js,117,js,efc057c4,charleszzhyy,2025-10-31,21:26:30,-07:00,2025-10-31T21:26:30-07:00,0,0
projects\projects.js,118,js,efc057c4,charleszzhyy,2025-10-31,21:26:30,-07:00,2025-10-31T21:26:30-07:00,1,4
projects\projects.js,119,js,efc057c4,charleszzhyy,2025-10-31,21:26:30,-07:00,2025-10-31T21:26:30-07:00,2,14
projects\projects.js,120,js,efc057c4,charleszzhyy,2025-10-31,21:26:30,-07:00,2025-10-31T21:26:30-07:00,2,12
projects\projects.js,121,js,efc057c4,charleszzhyy,2025-10-31,21:26:30,-07:00,2025-10-31T21:26:30-07:00,2,9
projects\projects.js,122,js,efc057c4,charleszzhyy,2025-10-31,21:26:30,-07:00,2025-10-31T21:26:30-07:00,2,28
projects\projects.js,123,js,efc057c4,charleszzhyy,2025-10-31,21:26:30,-07:00,2025-10-31T21:26:30-07:00,2,46
projects\projects.js,124,js,efc057c4,charleszzhyy,2025-10-31,21:26:30,-07:00,2025-10-31T21:26:30-07:00,2,4
projects\projects.js,125,js,efc057c4,charleszzhyy,2025-10-31,21:26:30,-07:00,2025-10-31T21:26:30-07:00,3,4
projects\projects.js,126,js,efc057c4,charleszzhyy,2025-10-31,21:26:30,-07:00,2025-10-31T21:26:30-07:00,4,60
projects\projects.js,127,js,efc057c4,charleszzhyy,2025-10-31,21:26:30,-07:00,2025-10-31T21:26:30-07:00,2,0
projects\projects.js,128,js,efc057c4,charleszzhyy,2025-10-31,21:26:30,-07:00,2025-10-31T21:26:30-07:00,0,0
projects\projects.js,129,js,efc057c4,charleszzhyy,2025-10-31,21:26:30,-07:00,2025-10-31T21:26:30-07:00,0,0
projects\projects.js,130,js,efc057c4,charleszzhyy,2025-10-31,21:26:30,-07:00,2025-10-31T21:26:30-07:00,0,31
projects\projects.js,131,js,efc057c4,charleszzhyy,2025-10-31,21:26:30,-07:00,2025-10-31T21:26:30-07:00,1,42
projects\projects.js,132,js,efc057c4,charleszzhyy,2025-10-31,21:26:30,-07:00,2025-10-31T21:26:30-07:00,1,34
projects\projects.js,133,js,efc057c4,charleszzhyy,2025-10-31,21:26:30,-07:00,2025-10-31T21:26:30-07:00,1,47
projects\projects.js,134,js,efc057c4,charleszzhyy,2025-10-31,21:26:30,-07:00,2025-10-31T21:26:30-07:00,1,48
projects\projects.js,135,js,efc057c4,charleszzhyy,2025-10-31,21:26:30,-07:00,2025-10-31T21:26:30-07:00,1,31
projects\projects.js,136,js,efc057c4,charleszzhyy,2025-10-31,21:26:30,-07:00,2025-10-31T21:26:30-07:00,1,1
projects\projects.js,137,js,efc057c4,charleszzhyy,2025-10-31,21:26:30,-07:00,2025-10-31T21:26:30-07:00,2,45
projects\projects.js,138,js,efc057c4,charleszzhyy,2025-10-31,21:26:30,-07:00,2025-10-31T21:26:30-07:00,2,25
projects\projects.js,139,js,efc057c4,charleszzhyy,2025-10-31,21:26:30,-07:00,2025-10-31T21:26:30-07:00,1,4
projects\projects.js,140,js,efc057c4,charleszzhyy,2025-10-31,21:26:30,-07:00,2025-10-31T21:26:30-07:00,2,43
projects\projects.js,141,js,efc057c4,charleszzhyy,2025-10-31,21:26:30,-07:00,2025-10-31T21:26:30-07:00,2,25
projects\projects.js,142,js,efc057c4,charleszzhyy,2025-10-31,21:26:30,-07:00,2025-10-31T21:26:30-07:00,0,0
projects\projects.js,143,js,efc057c4,charleszzhyy,2025-10-31,21:26:30,-07:00,2025-10-31T21:26:30-07:00,0,0
projects\projects.js,144,js,efc057c4,charleszzhyy,2025-10-31,21:26:30,-07:00,2025-10-31T21:26:30-07:00,0,33
projects\projects.js,145,js,efc057c4,charleszzhyy,2025-10-31,21:26:30,-07:00,2025-10-31T21:26:30-07:00,1,42
projects\projects.js,146,js,efc057c4,charleszzhyy,2025-10-31,21:26:30,-07:00,2025-10-31T21:26:30-07:00,1,34
projects\projects.js,147,js,efc057c4,charleszzhyy,2025-10-31,21:26:30,-07:00,2025-10-31T21:26:30-07:00,0,0
projects\projects.js,148,js,efc057c4,charleszzhyy,2025-10-31,21:26:30,-07:00,2025-10-31T21:26:30-07:00,1,45
projects\projects.js,149,js,efc057c4,charleszzhyy,2025-10-31,21:26:30,-07:00,2025-10-31T21:26:30-07:00,2,48
projects\projects.js,150,js,efc057c4,charleszzhyy,2025-10-31,21:26:30,-07:00,2025-10-31T21:26:30-07:00,2,47
projects\projects.js,151,js,efc057c4,charleszzhyy,2025-10-31,21:26:30,-07:00,2025-10-31T21:26:30-07:00,2,17
projects\projects.js,152,js,efc057c4,charleszzhyy,2025-10-31,21:26:30,-07:00,2025-10-31T21:26:30-07:00,1,1
projects\projects.js,153,js,efc057c4,charleszzhyy,2025-10-31,21:26:30,-07:00,2025-10-31T21:26:30-07:00,0,0
projects\projects.js,154,js,efc057c4,charleszzhyy,2025-10-31,21:26:30,-07:00,2025-10-31T21:26:30-07:00,1,46
projects\projects.js,155,js,efc057c4,charleszzhyy,2025-10-31,21:26:30,-07:00,2025-10-31T21:26:30-07:00,2,48
projects\projects.js,156,js,efc057c4,charleszzhyy,2025-10-31,21:26:30,-07:00,2025-10-31T21:26:30-07:00,2,47
projects\projects.js,157,js,efc057c4,charleszzhyy,2025-10-31,21:26:30,-07:00,2025-10-31T21:26:30-07:00,2,17
projects\projects.js,158,js,efc057c4,charleszzhyy,2025-10-31,21:26:30,-07:00,2025-10-31T21:26:30-07:00,1,1
projects\projects.js,159,js,5e65eb0e,charleszzhyy,2025-10-24,21:03:41,-07:00,2025-10-24T21:03:41-07:00,0,0
projects\projects.js,160,js,5e65eb0e,charleszzhyy,2025-10-24,21:03:41,-07:00,2025-10-24T21:03:41-07:00,0,0
projects\projects.js,161,js,5e65eb0e,charleszzhyy,2025-10-24,21:03:41,-07:00,2025-10-24T21:03:41-07:00,0,17
projects\index.html,1,html,c308f31b,charleszzhyy,2025-10-03,22:00:09,-07:00,2025-10-03T22:00:09-07:00,0,13
projects\index.html,2,html,c308f31b,charleszzhyy,2025-10-03,22:00:09,-07:00,2025-10-03T22:00:09-07:00,0,14
projects\index.html,3,html,c308f31b,charleszzhyy,2025-10-03,22:00:09,-07:00,2025-10-03T22:00:09-07:00,0,4
projects\index.html,4,html,b4882691,charleszzhyy,2025-10-11,18:59:26,-07:00,2025-10-11T18:59:26-07:00,1,22
projects\index.html,5,html,b4882691,charleszzhyy,2025-10-11,18:59:26,-07:00,2025-10-11T18:59:26-07:00,1,68
projects\index.html,6,html,b4882691,charleszzhyy,2025-10-11,18:59:26,-07:00,2025-10-11T18:59:26-07:00,1,37
projects\index.html,7,html,b4882691,charleszzhyy,2025-10-11,18:59:26,-07:00,2025-10-11T18:59:26-07:00,1,43
projects\index.html,8,html,55350355,charleszzhyy,2025-10-17,18:57:57,-07:00,2025-10-17T18:57:57-07:00,1,165
projects\index.html,9,html,c308f31b,charleszzhyy,2025-10-03,22:00:09,-07:00,2025-10-03T22:00:09-07:00,0,5
projects\index.html,10,html,c308f31b,charleszzhyy,2025-10-03,22:00:09,-07:00,2025-10-03T22:00:09-07:00,0,4
projects\index.html,11,html,efc057c4,charleszzhyy,2025-10-31,21:26:30,-07:00,2025-10-31T21:26:30-07:00,0,0
projects\index.html,12,html,efc057c4,charleszzhyy,2025-10-31,21:26:30,-07:00,2025-10-31T21:26:30-07:00,1,48
projects\index.html,13,html,efc057c4,charleszzhyy,2025-10-31,21:26:30,-07:00,2025-10-31T21:26:30-07:00,0,0
projects\index.html,14,html,5e65eb0e,charleszzhyy,2025-10-24,21:03:41,-07:00,2025-10-24T21:03:41-07:00,1,38
projects\index.html,15,html,5e65eb0e,charleszzhyy,2025-10-24,21:03:41,-07:00,2025-10-24T21:03:41-07:00,0,0
projects\index.html,16,html,efc057c4,charleszzhyy,2025-10-31,21:26:30,-07:00,2025-10-31T21:26:30-07:00,1,21
projects\index.html,17,html,efc057c4,charleszzhyy,2025-10-31,21:26:30,-07:00,2025-10-31T21:26:30-07:00,2,2
projects\index.html,18,html,efc057c4,charleszzhyy,2025-10-31,21:26:30,-07:00,2025-10-31T21:26:30-07:00,3,20
projects\index.html,19,html,efc057c4,charleszzhyy,2025-10-31,21:26:30,-07:00,2025-10-31T21:26:30-07:00,3,23
projects\index.html,20,html,efc057c4,charleszzhyy,2025-10-31,21:26:30,-07:00,2025-10-31T21:26:30-07:00,3,38
projects\index.html,21,html,efc057c4,charleszzhyy,2025-10-31,21:26:30,-07:00,2025-10-31T21:26:30-07:00,3,9
projects\index.html,22,html,efc057c4,charleszzhyy,2025-10-31,21:26:30,-07:00,2025-10-31T21:26:30-07:00,2,4
projects\index.html,23,html,b4882691,charleszzhyy,2025-10-11,18:59:26,-07:00,2025-10-11T18:59:26-07:00,0,0
projects\index.html,24,html,efc057c4,charleszzhyy,2025-10-31,21:26:30,-07:00,2025-10-31T21:26:30-07:00,2,22
projects\index.html,25,html,efc057c4,charleszzhyy,2025-10-31,21:26:30,-07:00,2025-10-31T21:26:30-07:00,1,4
projects\index.html,26,html,b4882691,charleszzhyy,2025-10-11,18:59:26,-07:00,2025-10-11T18:59:26-07:00,0,0
projects\index.html,27,html,efc057c4,charleszzhyy,2025-10-31,21:26:30,-07:00,2025-10-31T21:26:30-07:00,1,4
projects\index.html,28,html,efc057c4,charleszzhyy,2025-10-31,21:26:30,-07:00,2025-10-31T21:26:30-07:00,2,15
projects\index.html,29,html,efc057c4,charleszzhyy,2025-10-31,21:26:30,-07:00,2025-10-31T21:26:30-07:00,2,11
projects\index.html,30,html,efc057c4,charleszzhyy,2025-10-31,21:26:30,-07:00,2025-10-31T21:26:30-07:00,2,26
projects\index.html,31,html,efc057c4,charleszzhyy,2025-10-31,21:26:30,-07:00,2025-10-31T21:26:30-07:00,2,32
projects\index.html,32,html,efc057c4,charleszzhyy,2025-10-31,21:26:30,-07:00,2025-10-31T21:26:30-07:00,1,0
projects\index.html,33,html,5e65eb0e,charleszzhyy,2025-10-24,21:03:41,-07:00,2025-10-24T21:03:41-07:00,0,0
projects\index.html,34,html,5e65eb0e,charleszzhyy,2025-10-24,21:03:41,-07:00,2025-10-24T21:03:41-07:00,1,43
projects\index.html,35,html,efc057c4,charleszzhyy,2025-10-31,21:26:30,-07:00,2025-10-31T21:26:30-07:00,1,0
projects\index.html,36,html,b4882691,charleszzhyy,2025-10-11,18:59:26,-07:00,2025-10-11T18:59:26-07:00,1,8
projects\index.html,37,html,5e65eb0e,charleszzhyy,2025-10-24,21:03:41,-07:00,2025-10-24T21:03:41-07:00,0,0
projects\index.html,38,html,efc057c4,charleszzhyy,2025-10-31,21:26:30,-07:00,2025-10-31T21:26:30-07:00,0,0
projects\index.html,39,html,efc057c4,charleszzhyy,2025-10-31,21:26:30,-07:00,2025-10-31T21:26:30-07:00,1,78
projects\index.html,40,html,5e65eb0e,charleszzhyy,2025-10-24,21:03:41,-07:00,2025-10-24T21:03:41-07:00,1,49
projects\index.html,41,html,c308f31b,charleszzhyy,2025-10-03,22:00:09,-07:00,2025-10-03T22:00:09-07:00,0,5
projects\index.html,42,html,c308f31b,charleszzhyy,2025-10-03,22:00:09,-07:00,2025-10-03T22:00:09-07:00,0,5
contact\index.html,1,html,c308f31b,charleszzhyy,2025-10-03,22:00:09,-07:00,2025-10-03T22:00:09-07:00,0,13
contact\index.html,2,html,c308f31b,charleszzhyy,2025-10-03,22:00:09,-07:00,2025-10-03T22:00:09-07:00,0,14
contact\index.html,3,html,c308f31b,charleszzhyy,2025-10-03,22:00:09,-07:00,2025-10-03T22:00:09-07:00,0,4
contact\index.html,4,html,c308f31b,charleszzhyy,2025-10-03,22:00:09,-07:00,2025-10-03T22:00:09-07:00,2,20
contact\index.html,5,html,c308f31b,charleszzhyy,2025-10-03,22:00:09,-07:00,2025-10-03T22:00:09-07:00,2,68
contact\index.html,6,html,c308f31b,charleszzhyy,2025-10-03,22:00:09,-07:00,2025-10-03T22:00:09-07:00,2,20
contact\index.html,7,html,3329510c,charleszzhyy,2025-10-03,22:26:12,-07:00,2025-10-03T22:26:12-07:00,2,41
contact\index.html,8,html,55350355,charleszzhyy,2025-10-17,18:57:57,-07:00,2025-10-17T18:57:57-07:00,2,165
contact\index.html,9,html,c308f31b,charleszzhyy,2025-10-03,22:00:09,-07:00,2025-10-03T22:00:09-07:00,0,5
contact\index.html,10,html,c308f31b,charleszzhyy,2025-10-03,22:00:09,-07:00,2025-10-03T22:00:09-07:00,0,4
contact\index.html,11,html,c308f31b,charleszzhyy,2025-10-03,22:00:09,-07:00,2025-10-03T22:00:09-07:00,2,17
contact\index.html,12,html,eaa77ca7,charleszzhyy,2025-10-17,18:37:05,-07:00,2025-10-17T18:37:05-07:00,2,0
contact\index.html,13,html,078ed257,charleszzhyy,2025-10-17,18:23:11,-07:00,2025-10-17T18:23:11-07:00,0,0
contact\index.html,14,html,078ed257,charleszzhyy,2025-10-17,18:23:11,-07:00,2025-10-17T18:23:11-07:00,2,48
contact\index.html,15,html,b4882691,charleszzhyy,2025-10-11,18:59:26,-07:00,2025-10-11T18:59:26-07:00,2,20
contact\index.html,16,html,b4882691,charleszzhyy,2025-10-11,18:59:26,-07:00,2025-10-11T18:59:26-07:00,4,5
contact\index.html,17,html,b4882691,charleszzhyy,2025-10-11,18:59:26,-07:00,2025-10-11T18:59:26-07:00,6,16
contact\index.html,18,html,b4882691,charleszzhyy,2025-10-11,18:59:26,-07:00,2025-10-11T18:59:26-07:00,6,70
contact\index.html,19,html,b4882691,charleszzhyy,2025-10-11,18:59:26,-07:00,2025-10-11T18:59:26-07:00,4,6
contact\index.html,20,html,b4882691,charleszzhyy,2025-10-11,18:59:26,-07:00,2025-10-11T18:59:26-07:00,0,0
contact\index.html,21,html,b4882691,charleszzhyy,2025-10-11,18:59:26,-07:00,2025-10-11T18:59:26-07:00,4,5
contact\index.html,22,html,b4882691,charleszzhyy,2025-10-11,18:59:26,-07:00,2025-10-11T18:59:26-07:00,6,18
contact\index.html,23,html,b4882691,charleszzhyy,2025-10-11,18:59:26,-07:00,2025-10-11T18:59:26-07:00,6,52
contact\index.html,24,html,b4882691,charleszzhyy,2025-10-11,18:59:26,-07:00,2025-10-11T18:59:26-07:00,4,6
contact\index.html,25,html,b4882691,charleszzhyy,2025-10-11,18:59:26,-07:00,2025-10-11T18:59:26-07:00,0,0
contact\index.html,26,html,b4882691,charleszzhyy,2025-10-11,18:59:26,-07:00,2025-10-11T18:59:26-07:00,4,5
contact\index.html,27,html,b4882691,charleszzhyy,2025-10-11,18:59:26,-07:00,2025-10-11T18:59:26-07:00,6,18
contact\index.html,28,html,b4882691,charleszzhyy,2025-10-11,18:59:26,-07:00,2025-10-11T18:59:26-07:00,6,62
contact\index.html,29,html,b4882691,charleszzhyy,2025-10-11,18:59:26,-07:00,2025-10-11T18:59:26-07:00,4,6
contact\index.html,30,html,b4882691,charleszzhyy,2025-10-11,18:59:26,-07:00,2025-10-11T18:59:26-07:00,0,0
contact\index.html,31,html,b4882691,charleszzhyy,2025-10-11,18:59:26,-07:00,2025-10-11T18:59:26-07:00,4,33
contact\index.html,32,html,b4882691,charleszzhyy,2025-10-11,18:59:26,-07:00,2025-10-11T18:59:26-07:00,2,5
contact\index.html,33,html,c308f31b,charleszzhyy,2025-10-03,22:00:09,-07:00,2025-10-03T22:00:09-07:00,2,75
contact\index.html,34,html,c308f31b,charleszzhyy,2025-10-03,22:00:09,-07:00,2025-10-03T22:00:09-07:00,4,11
contact\index.html,35,html,c308f31b,charleszzhyy,2025-10-03,22:00:09,-07:00,2025-10-03T22:00:09-07:00,6,31
contact\index.html,36,html,c308f31b,charleszzhyy,2025-10-03,22:00:09,-07:00,2025-10-03T22:00:09-07:00,4,6
contact\index.html,37,html,c308f31b,charleszzhyy,2025-10-03,22:00:09,-07:00,2025-10-03T22:00:09-07:00,4,6
contact\index.html,38,html,c308f31b,charleszzhyy,2025-10-03,22:00:09,-07:00,2025-10-03T22:00:09-07:00,0,0
contact\index.html,39,html,c308f31b,charleszzhyy,2025-10-03,22:00:09,-07:00,2025-10-03T22:00:09-07:00,4,13
contact\index.html,40,html,c308f31b,charleszzhyy,2025-10-03,22:00:09,-07:00,2025-10-03T22:00:09-07:00,6,32
contact\index.html,41,html,c308f31b,charleszzhyy,2025-10-03,22:00:09,-07:00,2025-10-03T22:00:09-07:00,4,6
contact\index.html,42,html,c308f31b,charleszzhyy,2025-10-03,22:00:09,-07:00,2025-10-03T22:00:09-07:00,4,6
contact\index.html,43,html,c308f31b,charleszzhyy,2025-10-03,22:00:09,-07:00,2025-10-03T22:00:09-07:00,0,0
contact\index.html,44,html,c308f31b,charleszzhyy,2025-10-03,22:00:09,-07:00,2025-10-03T22:00:09-07:00,4,13
contact\index.html,45,html,c308f31b,charleszzhyy,2025-10-03,22:00:09,-07:00,2025-10-03T22:00:09-07:00,8,31
contact\index.html,46,html,c308f31b,charleszzhyy,2025-10-03,22:00:09,-07:00,2025-10-03T22:00:09-07:00,4,6
contact\index.html,47,html,c308f31b,charleszzhyy,2025-10-03,22:00:09,-07:00,2025-10-03T22:00:09-07:00,4,6
contact\index.html,48,html,c308f31b,charleszzhyy,2025-10-03,22:00:09,-07:00,2025-10-03T22:00:09-07:00,0,0
contact\index.html,49,html,c308f31b,charleszzhyy,2025-10-03,22:00:09,-07:00,2025-10-03T22:00:09-07:00,4,19
contact\index.html,50,html,c308f31b,charleszzhyy,2025-10-03,22:00:09,-07:00,2025-10-03T22:00:09-07:00,2,5
contact\index.html,51,html,c308f31b,charleszzhyy,2025-10-03,22:00:09,-07:00,2025-10-03T22:00:09-07:00,0,5
contact\index.html,52,html,c308f31b,charleszzhyy,2025-10-03,22:00:09,-07:00,2025-10-03T22:00:09-07:00,0,5
